Scrape_Timestamp,Days_to_Departure,Departure_Date,Day_of_Week,Departure_Time,Arrival_Time,Source_City,Destination_City,Airline,Flight_Number,Total_Duration_Mins,Number_of_Stops,CO2_Emissions_Grams,Price_Level,Flight_Category,Price_INR
2026-05-31 14:56:16,7,2026-06-07,Sunday,05:10,06:35,DEL,AMD,IndiGo,6E 5119,85,0,62000,high,Best,8316
2026-05-31 14:56:16,7,2026-06-07,Sunday,05:10,06:35,DEL,AMD,IndiGo,6E 5119,85,0,62000,high,Cheapest,8316
2026-05-31 14:56:17,14,2026-06-14,Sunday,05:10,06:35,DEL,AMD,IndiGo,6E 5119,85,0,62000,high,Best,4536
2026-05-31 14:56:17,14,2026-06-14,Sunday,05:10,06:35,DEL,AMD,IndiGo,6E 5119,85,0,62000,high,Cheapest,4536
2026-05-31 14:56:18,30,2026-06-30,Tuesday,05:10,06:35,DEL,AMD,IndiGo,6E 5119,85,0,62000,typical,Best,4214
2026-05-31 14:56:18,30,2026-06-30,Tuesday,05:10,06:35,DEL,AMD,IndiGo,6E 5119,85,0,62000,typical,Cheapest,4214
2026-05-31 14:56:18,60,2026-07-30,Thursday,05:10,06:35,DEL,AMD,IndiGo,6E 5119,85,0,63000,typical,Best,4214
2026-05-31 14:56:18,60,2026-07-30,Thursday,05:10,06:35,DEL,AMD,IndiGo,6E 5119,85,0,63000,typical,Cheapest,4214
2026-05-31 14:56:19,7,2026-06-07,Sunday,03:00,05:55,DEL,BLR,IndiGo,6E 820,175,0,120000,high,Best,10643
2026-05-31 14:56:19,7,2026-06-07,Sunday,03:00,05:55,DEL,BLR,IndiGo,6E 820,175,0,120000,high,Cheapest,10643
2026-05-31 14:56:19,14,2026-06-14,Sunday,05:20,06:15,DEL,BLR,IndiGo,6E 6190,340,1,138000,high,Best,8958
2026-05-31 14:56:19,14,2026-06-14,Sunday,05:20,06:15,DEL,BLR,IndiGo,6E 6190,340,1,138000,high,Cheapest,8958
2026-05-31 14:56:20,30,2026-06-30,Tuesday,19:30,21:05,DEL,BLR,IndiGo,6E 931,340,1,159000,typical,Best,7627
2026-05-31 14:56:20,30,2026-06-30,Tuesday,05:00,07:30,DEL,BLR,Air India Express,IX 1108,665,1,197000,typical,Cheapest,7505
2026-05-31 14:56:20,60,2026-07-30,Thursday,10:25,12:55,DEL,BLR,IndiGo,6E 2277,320,1,156000,typical,Best,6377
2026-05-31 14:56:20,60,2026-07-30,Thursday,10:25,12:55,DEL,BLR,IndiGo,6E 2277,320,1,156000,typical,Cheapest,6377
2026-05-31 14:56:21,7,2026-06-07,Sunday,10:15,12:35,DEL,BOM,IndiGo,6E 6328,140,0,86000,high,Best,7913
2026-05-31 14:56:21,7,2026-06-07,Sunday,00:15,01:50,DEL,BOM,IndiGo,6E 6261,315,1,114000,high,Cheapest,7715
2026-05-31 14:56:21,14,2026-06-14,Sunday,05:10,06:35,DEL,BOM,IndiGo,6E 5119,265,1,122000,typical,Best,6538
2026-05-31 14:56:21,14,2026-06-14,Sunday,05:10,06:35,DEL,BOM,IndiGo,6E 5119,265,1,122000,typical,Cheapest,6538
2026-05-31 14:56:22,30,2026-06-30,Tuesday,06:40,08:00,DEL,BOM,IndiGo,6E 2114,230,1,129000,typical,Best,5928
2026-05-31 14:56:22,30,2026-06-30,Tuesday,06:40,08:00,DEL,BOM,IndiGo,6E 2114,230,1,129000,typical,Cheapest,5928
2026-05-31 14:56:22,60,2026-07-30,Thursday,07:30,09:05,DEL,BOM,IndiGo,6E 2076,290,1,115000,high,Best,5928
2026-05-31 14:56:22,60,2026-07-30,Thursday,07:30,09:05,DEL,BOM,IndiGo,6E 2076,290,1,115000,high,Cheapest,5928
2026-05-31 14:56:23,7,2026-06-07,Sunday,07:30,09:40,DEL,CCU,IndiGo,6E 340,130,0,96000,high,Best,8111
2026-05-31 14:56:23,7,2026-06-07,Sunday,07:30,09:40,DEL,CCU,IndiGo,6E 340,130,0,96000,high,Cheapest,8111
2026-05-31 14:56:23,14,2026-06-14,Sunday,04:45,07:00,DEL,CCU,IndiGo,6E 5191,135,0,96000,high,Best,6378
2026-05-31 14:56:23,14,2026-06-14,Sunday,04:45,07:00,DEL,CCU,IndiGo,6E 5191,135,0,96000,high,Cheapest,6378
2026-05-31 14:56:24,30,2026-06-30,Tuesday,05:55,08:05,DEL,CCU,Akasa Air,QP 1801,130,0,98000,typical,Best,5350
2026-05-31 14:56:24,30,2026-06-30,Tuesday,05:55,08:05,DEL,CCU,Akasa Air,QP 1801,130,0,98000,typical,Cheapest,5350
2026-05-31 14:56:25,60,2026-07-30,Thursday,05:55,08:05,DEL,CCU,Akasa Air,QP 1801,130,0,100000,typical,Best,5850
2026-05-31 14:56:25,60,2026-07-30,Thursday,16:20,18:00,DEL,CCU,IndiGo,6E 6236,285,1,138000,typical,Cheapest,5625
2026-05-31 14:56:25,7,2026-06-07,Sunday,22:10,01:20,DEL,COK,Air India,AI 2883,190,0,161000,high,Best,10741
2026-05-31 14:56:25,7,2026-06-07,Sunday,22:10,01:20,DEL,COK,Air India,AI 2883,190,0,161000,high,Cheapest,10741
2026-05-31 14:56:26,14,2026-06-14,Sunday,17:10,20:20,DEL,COK,IndiGo,6E 5001,190,0,142000,typical,Best,10244
2026-05-31 14:56:26,14,2026-06-14,Sunday,17:10,20:20,DEL,COK,IndiGo,6E 5001,190,0,142000,typical,Cheapest,10244
2026-05-31 14:56:26,30,2026-06-30,Tuesday,12:10,14:40,DEL,COK,IndiGo,6E 358,490,1,163000,typical,Best,8398
2026-05-31 14:56:26,30,2026-06-30,Tuesday,12:10,14:40,DEL,COK,IndiGo,6E 358,490,1,163000,typical,Cheapest,8398
2026-05-31 14:56:27,60,2026-07-30,Thursday,08:45,11:00,DEL,COK,IndiGo,6E 675,340,1,167000,typical,Best,9896
2026-05-31 14:56:27,60,2026-07-30,Thursday,08:45,11:00,DEL,COK,IndiGo,6E 675,340,1,167000,typical,Cheapest,9896
2026-05-31 14:56:27,7,2026-06-07,Sunday,02:20,04:25,DEL,HYD,IndiGo,6E 2343,330,1,134000,high,Best,11279
2026-05-31 14:56:27,7,2026-06-07,Sunday,02:20,04:25,DEL,HYD,IndiGo,6E 2343,330,1,134000,high,Cheapest,11279
2026-05-31 14:56:28,14,2026-06-14,Sunday,20:45,23:00,DEL,HYD,IndiGo,6E 853,325,1,142000,high,Best,7111
2026-05-31 14:56:28,14,2026-06-14,Sunday,20:45,23:00,DEL,HYD,IndiGo,6E 853,325,1,142000,high,Cheapest,7111
2026-05-31 14:56:28,30,2026-06-30,Tuesday,20:40,23:10,DEL,HYD,Akasa Air,QP 1409,150,0,98000,typical,Best,5548
2026-05-31 14:56:28,30,2026-06-30,Tuesday,20:40,23:10,DEL,HYD,Akasa Air,QP 1409,150,0,98000,typical,Cheapest,5548
2026-05-31 14:56:29,60,2026-07-30,Thursday,14:10,16:30,DEL,HYD,Akasa Air,QP 1406,140,0,100000,typical,Best,5350
2026-05-31 14:56:29,60,2026-07-30,Thursday,14:10,16:30,DEL,HYD,Akasa Air,QP 1406,140,0,100000,typical,Cheapest,5350
2026-05-31 14:56:29,7,2026-06-07,Sunday,04:55,06:25,DEL,IDR,IndiGo,6E 6490,90,0,56000,high,Best,6264
2026-05-31 14:56:29,7,2026-06-07,Sunday,04:55,06:25,DEL,IDR,IndiGo,6E 6490,90,0,56000,high,Cheapest,6264
2026-05-31 14:56:30,14,2026-06-14,Sunday,04:55,06:25,DEL,IDR,IndiGo,6E 6490,90,0,56000,high,Best,6264
2026-05-31 14:56:30,14,2026-06-14,Sunday,04:55,06:25,DEL,IDR,IndiGo,6E 6490,90,0,56000,high,Cheapest,6264
2026-05-31 14:56:30,30,2026-06-30,Tuesday,04:55,06:25,DEL,IDR,IndiGo,6E 6490,90,0,56000,low,Best,4817
2026-05-31 14:56:30,30,2026-06-30,Tuesday,04:55,06:25,DEL,IDR,IndiGo,6E 6490,90,0,56000,low,Cheapest,4817
2026-05-31 14:56:31,60,2026-07-30,Thursday,04:55,06:25,DEL,IDR,IndiGo,6E 6490,90,0,57000,typical,Best,4817
2026-05-31 14:56:31,60,2026-07-30,Thursday,04:55,06:25,DEL,IDR,IndiGo,6E 6490,90,0,57000,typical,Cheapest,4817
2026-05-31 14:56:32,7,2026-06-07,Sunday,17:50,18:45,DEL,IXC,IndiGo,6E 6632,55,0,38000,typical,Best,4982
2026-05-31 14:56:32,7,2026-06-07,Sunday,17:50,18:45,DEL,IXC,IndiGo,6E 6632,55,0,38000,typical,Cheapest,4982
2026-05-31 14:56:32,14,2026-06-14,Sunday,17:00,18:00,DEL,IXC,Air India,AI 2601,60,0,43000,typical,Best,4152
2026-05-31 14:56:32,14,2026-06-14,Sunday,17:00,18:00,DEL,IXC,Air India,AI 2601,60,0,43000,typical,Cheapest,4152
2026-05-31 14:56:33,30,2026-06-30,Tuesday,08:15,09:10,DEL,IXC,IndiGo,6E 6050,55,0,34000,typical,Best,3745
2026-05-31 14:56:33,30,2026-06-30,Tuesday,08:15,09:10,DEL,IXC,IndiGo,6E 6050,55,0,34000,typical,Cheapest,3745
2026-05-31 14:56:33,60,2026-07-30,Thursday,08:15,09:10,DEL,IXC,IndiGo,6E 6050,55,0,35000,typical,Best,3745
2026-05-31 14:56:33,60,2026-07-30,Thursday,08:15,09:10,DEL,IXC,IndiGo,6E 6050,55,0,35000,typical,Cheapest,3745
2026-05-31 14:56:34,7,2026-06-07,Sunday,05:20,06:15,DEL,JAI,IndiGo,6E 6190,55,0,31000,high,Best,3191
2026-05-31 14:56:34,7,2026-06-07,Sunday,05:20,06:15,DEL,JAI,IndiGo,6E 6190,55,0,31000,high,Cheapest,3191
2026-05-31 14:56:35,14,2026-06-14,Sunday,05:20,06:15,DEL,JAI,IndiGo,6E 6190,55,0,31000,high,Best,2690
2026-05-31 14:56:35,14,2026-06-14,Sunday,05:20,06:15,DEL,JAI,IndiGo,6E 6190,55,0,31000,high,Cheapest,2690
2026-05-31 14:56:35,30,2026-06-30,Tuesday,15:50,16:45,DEL,JAI,IndiGo,6E 5033,55,0,31000,high,Best,2891
2026-05-31 14:56:35,30,2026-06-30,Tuesday,15:50,16:45,DEL,JAI,IndiGo,6E 5033,55,0,31000,high,Cheapest,2891
2026-05-31 14:56:36,60,2026-07-30,Thursday,07:40,08:40,DEL,JAI,IndiGo,6E 6190,60,0,32000,high,Best,3273
2026-05-31 14:56:36,60,2026-07-30,Thursday,07:40,08:40,DEL,JAI,IndiGo,6E 6190,60,0,32000,high,Cheapest,3273
2026-05-31 14:56:36,7,2026-06-07,Sunday,05:30,06:40,DEL,LKO,IndiGo,6E 6026,70,0,57000,typical,Best,3289
2026-05-31 14:56:36,7,2026-06-07,Sunday,05:30,06:40,DEL,LKO,IndiGo,6E 6026,70,0,57000,typical,Cheapest,3289
2026-05-31 14:56:37,14,2026-06-14,Sunday,07:20,08:30,DEL,LKO,IndiGo,6E 6476,70,0,49000,typical,Best,3289
2026-05-31 14:56:37,14,2026-06-14,Sunday,07:20,08:30,DEL,LKO,IndiGo,6E 6476,70,0,49000,typical,Cheapest,3289
2026-05-31 14:56:38,30,2026-06-30,Tuesday,21:25,22:40,DEL,LKO,IndiGo,6E 6479,75,0,49000,low,Best,3038
2026-05-31 14:56:38,30,2026-06-30,Tuesday,21:25,22:40,DEL,LKO,IndiGo,6E 6479,75,0,49000,low,Cheapest,3038
2026-05-31 14:56:38,60,2026-07-30,Thursday,09:55,11:05,DEL,LKO,IndiGo,6E 2319,70,0,50000,typical,Best,3038
2026-05-31 14:56:38,60,2026-07-30,Thursday,09:55,11:05,DEL,LKO,IndiGo,6E 2319,70,0,50000,typical,Cheapest,3038
2026-05-31 14:56:39,7,2026-06-07,Sunday,02:55,05:45,DEL,MAA,IndiGo,6E 933,170,0,122000,high,Best,10284
2026-05-31 14:56:39,7,2026-06-07,Sunday,02:55,05:45,DEL,MAA,IndiGo,6E 933,170,0,122000,high,Cheapest,10284
2026-05-31 14:56:39,14,2026-06-14,Sunday,07:15,10:05,DEL,MAA,IndiGo,6E 2368,170,0,122000,typical,Best,7330
2026-05-31 14:56:39,14,2026-06-14,Sunday,07:15,10:05,DEL,MAA,IndiGo,6E 2368,170,0,122000,typical,Cheapest,7330
2026-05-31 14:56:40,30,2026-06-30,Tuesday,05:45,08:40,DEL,MAA,IndiGo,6E 2314,360,1,155000,typical,Best,6931
2026-05-31 14:56:40,30,2026-06-30,Tuesday,16:20,18:10,DEL,MAA,IndiGo,6E 734,330,1,155000,typical,Cheapest,6642
2026-05-31 14:56:41,60,2026-07-30,Thursday,08:20,11:10,DEL,MAA,IndiGo,6E 873,335,1,159000,typical,Best,6931
2026-05-31 14:56:41,60,2026-07-30,Thursday,16:20,18:10,DEL,MAA,IndiGo,6E 734,330,1,157000,typical,Cheapest,6642
2026-05-31 14:56:41,7,2026-06-07,Sunday,04:40,06:55,DEL,PNQ,Air India Express,IX 1230,135,0,104000,high,Best,9540
2026-05-31 14:56:41,7,2026-06-07,Sunday,06:10,08:00,DEL,PNQ,IndiGo,6E 6398,430,1,109000,high,Cheapest,7466
2026-05-31 14:56:42,14,2026-06-14,Sunday,23:50,02:05,DEL,PNQ,Air India,AI 2609,135,0,103000,high,Best,8283
2026-05-31 14:56:42,14,2026-06-14,Sunday,23:25,00:35,DEL,PNQ,Air India Express,IX 1687,505,1,0,high,Cheapest,6880
2026-05-31 14:56:42,30,2026-06-30,Tuesday,02:00,04:15,DEL,PNQ,Air India,AI 2711,135,0,103000,typical,Best,6252
2026-05-31 14:56:42,30,2026-06-30,Tuesday,02:00,04:15,DEL,PNQ,Air India,AI 2711,135,0,103000,typical,Cheapest,6252
2026-05-31 14:56:43,60,2026-07-30,Thursday,18:10,20:25,DEL,PNQ,Akasa Air,QP 1809,135,0,92000,typical,Best,5850
2026-05-31 14:56:43,60,2026-07-30,Thursday,18:10,20:25,DEL,PNQ,Akasa Air,QP 1809,135,0,92000,typical,Cheapest,5850
2026-05-31 14:56:44,7,2026-06-07,Sunday,06:10,08:00,DEL,STV,IndiGo,6E 6398,110,0,73000,typical,Best,6118
2026-05-31 14:56:44,7,2026-06-07,Sunday,06:10,08:00,DEL,STV,IndiGo,6E 6398,110,0,73000,typical,Cheapest,6118
2026-05-31 14:56:44,14,2026-06-14,Sunday,05:20,06:15,DEL,STV,IndiGo,6E 6190,620,1,91000,typical,Best,6027
2026-05-31 14:56:44,14,2026-06-14,Sunday,05:20,06:15,DEL,STV,IndiGo,6E 6190,620,1,91000,typical,Cheapest,6027
2026-05-31 14:56:45,30,2026-06-30,Tuesday,05:20,06:15,DEL,STV,IndiGo,6E 6190,620,1,91000,typical,Best,5813
2026-05-31 14:56:45,30,2026-06-30,Tuesday,05:20,06:15,DEL,STV,IndiGo,6E 6190,620,1,91000,typical,Cheapest,5813
2026-05-31 14:56:45,60,2026-07-30,Thursday,20:15,22:00,DEL,STV,IndiGo,6E 6511,105,0,79000,typical,Best,5355
2026-05-31 14:56:45,60,2026-07-30,Thursday,20:15,22:00,DEL,STV,IndiGo,6E 6511,105,0,79000,typical,Cheapest,5355
2026-05-31 14:56:46,7,2026-06-07,Sunday,05:25,07:40,DEL,VTZ,IndiGo,6E 6425,135,0,104000,high,Best,11950
2026-05-31 14:56:46,7,2026-06-07,Sunday,05:25,07:40,DEL,VTZ,IndiGo,6E 6425,135,0,104000,high,Cheapest,11950
2026-05-31 14:56:47,14,2026-06-14,Sunday,19:50,22:05,DEL,VTZ,IndiGo,6E 2213,135,0,98000,high,Best,9013
2026-05-31 14:56:47,14,2026-06-14,Sunday,19:50,22:05,DEL,VTZ,IndiGo,6E 2213,135,0,98000,high,Cheapest,9013
2026-05-31 14:56:47,30,2026-06-30,Tuesday,07:10,09:20,DEL,VTZ,IndiGo,6E 203,320,1,149000,typical,Best,6445
2026-05-31 14:56:47,30,2026-06-30,Tuesday,07:10,09:20,DEL,VTZ,IndiGo,6E 203,320,1,149000,typical,Cheapest,6445
2026-05-31 14:56:48,60,2026-07-30,Thursday,07:10,09:20,DEL,VTZ,IndiGo,6E 203,320,1,151000,typical,Best,6445
2026-05-31 14:56:48,60,2026-07-30,Thursday,07:10,09:20,DEL,VTZ,IndiGo,6E 203,320,1,151000,typical,Cheapest,6445
2026-05-31 14:56:49,7,2026-06-07,Sunday,06:25,08:10,HYD,AMD,IndiGo,6E 5209,105,0,77000,high,Best,6056
2026-05-31 14:56:49,7,2026-06-07,Sunday,06:25,08:10,HYD,AMD,IndiGo,6E 5209,105,0,77000,high,Cheapest,6056
2026-05-31 14:56:49,14,2026-06-14,Sunday,05:00,06:25,HYD,AMD,IndiGo,6E 5245,315,1,109000,high,Best,5974
2026-05-31 14:56:49,14,2026-06-14,Sunday,05:00,06:25,HYD,AMD,IndiGo,6E 5245,315,1,109000,high,Cheapest,5974
2026-05-31 14:56:50,30,2026-06-30,Tuesday,07:20,08:10,HYD,AMD,Star Air,S5 196,170,1,176000,typical,Best,5000
2026-05-31 14:56:50,30,2026-06-30,Tuesday,07:20,08:10,HYD,AMD,Star Air,S5 196,170,1,176000,typical,Cheapest,5000
2026-05-31 14:56:50,60,2026-07-30,Thursday,07:20,08:10,HYD,AMD,Star Air,S5 196,170,1,177000,typical,Best,5000
2026-05-31 14:56:50,60,2026-07-30,Thursday,07:20,08:10,HYD,AMD,Star Air,S5 196,170,1,177000,typical,Cheapest,5000
2026-05-31 14:56:51,7,2026-06-07,Sunday,17:45,19:05,HYD,BLR,IndiGo,6E 6417,80,0,51000,typical,Best,4559
2026-05-31 14:56:51,7,2026-06-07,Sunday,17:45,19:05,HYD,BLR,IndiGo,6E 6417,80,0,51000,typical,Cheapest,4559
2026-05-31 14:56:52,14,2026-06-14,Sunday,17:45,19:05,HYD,BLR,IndiGo,6E 6417,80,0,51000,typical,Best,4559
2026-05-31 14:56:52,14,2026-06-14,Sunday,17:45,19:05,HYD,BLR,IndiGo,6E 6417,80,0,51000,typical,Cheapest,4559
2026-05-31 14:56:52,30,2026-06-30,Tuesday,06:30,07:50,HYD,BLR,IndiGo,6E 413,80,0,51000,typical,Best,4559
2026-05-31 14:56:52,30,2026-06-30,Tuesday,06:30,07:50,HYD,BLR,IndiGo,6E 413,80,0,51000,typical,Cheapest,4559
2026-05-31 14:56:53,60,2026-07-30,Thursday,11:50,13:15,HYD,BLR,IndiGo,6E 7513,220,1,72000,typical,Best,4482
2026-05-31 14:56:53,60,2026-07-30,Thursday,11:50,13:15,HYD,BLR,IndiGo,6E 7513,220,1,72000,typical,Cheapest,4482
2026-05-31 14:56:53,7,2026-06-07,Sunday,03:00,04:30,HYD,BOM,IndiGo,6E 6106,90,0,57000,typical,Best,5520
2026-05-31 14:56:53,7,2026-06-07,Sunday,03:00,04:30,HYD,BOM,IndiGo,6E 6106,90,0,57000,typical,Cheapest,5520
2026-05-31 14:56:54,14,2026-06-14,Sunday,03:00,04:30,HYD,BOM,IndiGo,6E 6106,90,0,57000,typical,Best,5520
2026-05-31 14:56:54,14,2026-06-14,Sunday,03:00,04:30,HYD,BOM,IndiGo,6E 6106,90,0,57000,typical,Cheapest,5520
2026-05-31 14:56:55,30,2026-06-30,Tuesday,20:00,21:20,HYD,BOM,IndiGo,6E 285,245,1,120000,typical,Best,4679
2026-05-31 14:56:55,30,2026-06-30,Tuesday,20:00,21:20,HYD,BOM,IndiGo,6E 285,245,1,120000,typical,Cheapest,4679
2026-05-31 14:56:55,60,2026-07-30,Thursday,15:35,16:45,HYD,BOM,IndiGo,6E 121,260,1,107000,typical,Best,4679
2026-05-31 14:56:55,60,2026-07-30,Thursday,15:35,16:45,HYD,BOM,IndiGo,6E 121,260,1,107000,typical,Cheapest,4679
2026-05-31 14:56:56,7,2026-06-07,Sunday,05:55,08:05,HYD,CCU,IndiGo,6E 6494,130,0,90000,high,Best,7841
2026-05-31 14:56:56,7,2026-06-07,Sunday,05:55,08:05,HYD,CCU,IndiGo,6E 6494,130,0,90000,high,Cheapest,7841
2026-05-31 14:56:56,14,2026-06-14,Sunday,05:55,08:05,HYD,CCU,IndiGo,6E 6494,130,0,90000,high,Best,7841
2026-05-31 14:56:56,14,2026-06-14,Sunday,05:55,08:05,HYD,CCU,IndiGo,6E 6494,130,0,90000,high,Cheapest,7841
2026-05-31 14:56:57,30,2026-06-30,Tuesday,05:55,08:05,HYD,CCU,IndiGo,6E 6494,130,0,90000,typical,Best,6581
2026-05-31 14:56:57,30,2026-06-30,Tuesday,05:55,08:05,HYD,CCU,IndiGo,6E 6494,130,0,90000,typical,Cheapest,6581
2026-05-31 14:56:58,60,2026-07-30,Thursday,05:55,08:05,HYD,CCU,IndiGo,6E 6494,130,0,91000,typical,Best,5951
2026-05-31 14:56:58,60,2026-07-30,Thursday,05:55,08:05,HYD,CCU,IndiGo,6E 6494,130,0,91000,typical,Cheapest,5951
2026-05-31 14:56:58,7,2026-06-07,Sunday,07:05,08:25,HYD,COK,IndiGo,6E 243,380,1,107000,high,Best,6567
2026-05-31 14:56:58,7,2026-06-07,Sunday,07:05,08:25,HYD,COK,IndiGo,6E 243,380,1,107000,high,Cheapest,6567
2026-05-31 14:56:59,14,2026-06-14,Sunday,07:05,08:25,HYD,COK,IndiGo,6E 243,380,1,107000,high,Best,6516
2026-05-31 14:56:59,14,2026-06-14,Sunday,07:05,08:25,HYD,COK,IndiGo,6E 243,380,1,107000,high,Cheapest,6516
2026-05-31 14:56:59,30,2026-06-30,Tuesday,16:20,17:40,HYD,COK,IndiGo,6E 668,290,1,99000,typical,Best,5617
2026-05-31 14:56:59,30,2026-06-30,Tuesday,16:20,17:40,HYD,COK,IndiGo,6E 668,290,1,99000,typical,Cheapest,5617
2026-05-31 14:57:00,60,2026-07-30,Thursday,19:00,20:20,HYD,COK,IndiGo,6E 6486,235,1,105000,high,Best,5617
2026-05-31 14:57:00,60,2026-07-30,Thursday,19:00,20:20,HYD,COK,IndiGo,6E 6486,235,1,105000,high,Cheapest,5617
2026-05-31 14:57:01,7,2026-06-07,Sunday,07:15,09:20,HYD,DEL,IndiGo,6E 179,285,1,130000,high,Best,6773
2026-05-31 14:57:01,7,2026-06-07,Sunday,08:50,10:40,HYD,DEL,IndiGo,6E 134,320,1,140000,high,Cheapest,6694
2026-05-31 14:57:01,14,2026-06-14,Sunday,09:15,11:05,HYD,DEL,IndiGo,6E 392,270,1,135000,high,Best,6108
2026-05-31 14:57:01,14,2026-06-14,Sunday,09:15,11:05,HYD,DEL,IndiGo,6E 392,270,1,135000,high,Cheapest,6108
2026-05-31 14:57:02,30,2026-06-30,Tuesday,10:00,12:30,HYD,DEL,IndiGo,6E 6281,150,0,95000,typical,Best,6324
2026-05-31 14:57:02,30,2026-06-30,Tuesday,08:50,10:40,HYD,DEL,IndiGo,6E 134,320,1,140000,typical,Cheapest,5898
2026-05-31 14:57:03,60,2026-07-30,Thursday,06:00,08:20,HYD,DEL,Akasa Air,QP 1405,140,0,99000,typical,Best,4850
2026-05-31 14:57:03,60,2026-07-30,Thursday,06:00,08:20,HYD,DEL,Akasa Air,QP 1405,140,0,99000,typical,Cheapest,4850
2026-05-31 14:57:03,7,2026-06-07,Sunday,01:10,02:20,HYD,IDR,IndiGo,6E 337,330,1,99000,typical,Best,5610
2026-05-31 14:57:03,7,2026-06-07,Sunday,01:10,02:20,HYD,IDR,IndiGo,6E 337,330,1,99000,typical,Cheapest,5610
2026-05-31 14:57:04,14,2026-06-14,Sunday,01:10,02:20,HYD,IDR,IndiGo,6E 337,330,1,99000,typical,Best,5610
2026-05-31 14:57:04,14,2026-06-14,Sunday,01:10,02:20,HYD,IDR,IndiGo,6E 337,330,1,99000,typical,Cheapest,5610
2026-05-31 14:57:04,30,2026-06-30,Tuesday,10:50,11:55,HYD,IDR,IndiGo,6E 6471,265,1,95000,typical,Best,5400
2026-05-31 14:57:04,30,2026-06-30,Tuesday,10:50,11:55,HYD,IDR,IndiGo,6E 6471,265,1,95000,typical,Cheapest,5400
2026-05-31 14:57:05,60,2026-07-30,Thursday,10:50,11:55,HYD,IDR,IndiGo,6E 6471,265,1,96000,typical,Best,5400
2026-05-31 14:57:05,60,2026-07-30,Thursday,10:50,11:55,HYD,IDR,IndiGo,6E 6471,265,1,96000,typical,Cheapest,5400
2026-05-31 14:57:06,7,2026-06-07,Sunday,19:40,22:15,HYD,IXC,IndiGo,6E 6252,155,0,106000,high,Best,8680
2026-05-31 14:57:06,7,2026-06-07,Sunday,19:40,22:15,HYD,IXC,IndiGo,6E 6252,155,0,106000,high,Cheapest,8680
2026-05-31 14:57:06,14,2026-06-14,Sunday,19:40,22:15,HYD,IXC,IndiGo,6E 6252,155,0,106000,high,Best,8365
2026-05-31 14:57:06,14,2026-06-14,Sunday,19:40,22:15,HYD,IXC,IndiGo,6E 6252,155,0,106000,high,Cheapest,8365
2026-05-31 14:57:07,30,2026-06-30,Tuesday,11:50,13:45,HYD,IXC,IndiGo,6E 913,535,1,126000,typical,Best,7259
2026-05-31 14:57:07,30,2026-06-30,Tuesday,11:50,13:45,HYD,IXC,IndiGo,6E 913,535,1,126000,typical,Cheapest,7259
2026-05-31 14:57:07,60,2026-07-30,Thursday,13:25,15:50,HYD,IXC,IndiGo,6E 108,145,0,108000,typical,Best,7211
2026-05-31 14:57:07,60,2026-07-30,Thursday,13:25,15:50,HYD,IXC,IndiGo,6E 108,145,0,108000,typical,Cheapest,7211
2026-05-31 14:57:08,7,2026-06-07,Sunday,05:55,07:55,HYD,JAI,IndiGo,6E 815,120,0,81000,high,Best,8022
2026-05-31 14:57:08,7,2026-06-07,Sunday,05:55,07:55,HYD,JAI,IndiGo,6E 815,120,0,81000,high,Cheapest,8022
2026-05-31 14:57:09,14,2026-06-14,Sunday,05:55,07:55,HYD,JAI,IndiGo,6E 815,120,0,81000,high,Best,8022
2026-05-31 14:57:09,14,2026-06-14,Sunday,05:55,07:55,HYD,JAI,IndiGo,6E 815,120,0,81000,high,Cheapest,8022
2026-05-31 14:57:09,30,2026-06-30,Tuesday,05:55,07:55,HYD,JAI,IndiGo,6E 815,120,0,81000,typical,Best,7445
2026-05-31 14:57:09,30,2026-06-30,Tuesday,05:55,07:55,HYD,JAI,IndiGo,6E 815,120,0,81000,typical,Cheapest,7445
2026-05-31 14:57:10,60,2026-07-30,Thursday,05:55,07:55,HYD,JAI,IndiGo,6E 815,120,0,82000,typical,Best,7130
2026-05-31 14:57:10,60,2026-07-30,Thursday,05:55,07:55,HYD,JAI,IndiGo,6E 815,120,0,82000,typical,Cheapest,7130
2026-05-31 14:57:10,7,2026-06-07,Sunday,07:15,09:20,HYD,LKO,IndiGo,6E 179,125,0,82000,high,Best,6791
2026-05-31 14:57:10,7,2026-06-07,Sunday,07:15,09:20,HYD,LKO,IndiGo,6E 179,125,0,82000,high,Cheapest,6791
2026-05-31 14:57:11,14,2026-06-14,Sunday,07:15,09:20,HYD,LKO,IndiGo,6E 179,125,0,82000,high,Best,6791
2026-05-31 14:57:11,14,2026-06-14,Sunday,07:15,09:20,HYD,LKO,IndiGo,6E 179,125,0,82000,high,Cheapest,6791
2026-05-31 14:57:12,30,2026-06-30,Tuesday,07:15,09:20,HYD,LKO,IndiGo,6E 179,125,0,82000,typical,Best,6161
2026-05-31 14:57:12,30,2026-06-30,Tuesday,07:15,09:20,HYD,LKO,IndiGo,6E 179,125,0,82000,typical,Cheapest,6161
2026-05-31 14:57:12,60,2026-07-30,Thursday,07:15,09:20,HYD,LKO,IndiGo,6E 179,125,0,83000,typical,Best,5846
2026-05-31 14:57:12,60,2026-07-30,Thursday,07:15,09:20,HYD,LKO,IndiGo,6E 179,125,0,83000,typical,Cheapest,5846
2026-05-31 14:57:13,7,2026-06-07,Sunday,07:05,08:25,HYD,MAA,IndiGo,6E 243,80,0,54000,typical,Best,5584
2026-05-31 14:57:13,7,2026-06-07,Sunday,07:05,08:25,HYD,MAA,IndiGo,6E 243,80,0,54000,typical,Cheapest,5584
2026-05-31 14:57:13,14,2026-06-14,Sunday,07:05,08:25,HYD,MAA,IndiGo,6E 243,80,0,54000,typical,Best,5584
2026-05-31 14:57:13,14,2026-06-14,Sunday,07:05,08:25,HYD,MAA,IndiGo,6E 243,80,0,54000,typical,Cheapest,5584
2026-05-31 14:57:14,30,2026-06-30,Tuesday,17:45,19:05,HYD,MAA,IndiGo,6E 6417,220,1,89000,typical,Best,5511
2026-05-31 14:57:14,30,2026-06-30,Tuesday,17:45,19:05,HYD,MAA,IndiGo,6E 6417,220,1,89000,typical,Cheapest,5511
2026-05-31 14:57:15,60,2026-07-30,Thursday,08:05,09:30,HYD,MAA,IndiGo,6E 151,220,1,83000,typical,Best,5511
2026-05-31 14:57:15,60,2026-07-30,Thursday,11:45,13:05,HYD,MAA,IndiGo,6E 905,245,1,112000,typical,Cheapest,5223
2026-05-31 14:57:15,7,2026-06-07,Sunday,06:45,07:55,HYD,PNQ,Star Air,S5 173,70,0,92000,high,Best,5427
2026-05-31 14:57:15,7,2026-06-07,Sunday,10:05,11:25,HYD,PNQ,IndiGo,6E 7417,485,1,86000,high,Cheapest,5239
2026-05-31 14:57:16,14,2026-06-14,Sunday,01:10,02:20,HYD,PNQ,IndiGo,6E 337,70,0,47000,high,Best,5295
2026-05-31 14:57:16,14,2026-06-14,Sunday,10:05,11:25,HYD,PNQ,IndiGo,6E 7417,485,1,86000,high,Cheapest,5239
2026-05-31 14:57:16,30,2026-06-30,Tuesday,04:35,05:45,HYD,PNQ,IndiGo,6E 351,70,0,47000,high,Best,4980
2026-05-31 14:57:16,30,2026-06-30,Tuesday,04:35,05:45,HYD,PNQ,IndiGo,6E 351,70,0,47000,high,Cheapest,4980
2026-05-31 14:57:17,60,2026-07-30,Thursday,12:50,13:55,HYD,PNQ,IndiGo,6E 311,65,0,48000,high,Best,5295
2026-05-31 14:57:17,60,2026-07-30,Thursday,04:35,05:45,HYD,PNQ,IndiGo,6E 351,70,0,48000,high,Cheapest,4980
2026-05-31 14:57:18,7,2026-06-07,Sunday,10:50,11:55,HYD,STV,IndiGo,6E 6471,260,1,83000,typical,Best,6429
2026-05-31 14:57:18,7,2026-06-07,Sunday,10:50,11:55,HYD,STV,IndiGo,6E 6471,260,1,83000,typical,Cheapest,6429
2026-05-31 14:57:18,14,2026-06-14,Sunday,10:50,11:55,HYD,STV,IndiGo,6E 6471,260,1,83000,typical,Best,6429
2026-05-31 14:57:18,14,2026-06-14,Sunday,10:50,11:55,HYD,STV,IndiGo,6E 6471,260,1,83000,typical,Cheapest,6429
2026-05-31 14:57:19,30,2026-06-30,Tuesday,06:20,07:55,HYD,STV,IndiGo,6E 928,95,0,66000,typical,Best,6161
2026-05-31 14:57:19,30,2026-06-30,Tuesday,06:20,07:55,HYD,STV,IndiGo,6E 928,95,0,66000,typical,Cheapest,6161
2026-05-31 14:57:20,60,2026-07-30,Thursday,06:20,07:55,HYD,STV,IndiGo,6E 928,95,0,67000,typical,Best,5531
2026-05-31 14:57:20,60,2026-07-30,Thursday,06:20,07:55,HYD,STV,IndiGo,6E 928,95,0,67000,typical,Cheapest,5531
2026-05-31 14:57:20,7,2026-06-07,Sunday,07:15,08:25,HYD,VTZ,IndiGo,6E 6408,70,0,53000,typical,Best,4303
2026-05-31 14:57:20,7,2026-06-07,Sunday,07:15,08:25,HYD,VTZ,IndiGo,6E 6408,70,0,53000,typical,Cheapest,4303
2026-05-31 14:57:21,14,2026-06-14,Sunday,07:15,08:25,HYD,VTZ,IndiGo,6E 6408,70,0,53000,typical,Best,4303
2026-05-31 14:57:21,14,2026-06-14,Sunday,07:15,08:25,HYD,VTZ,IndiGo,6E 6408,70,0,53000,typical,Cheapest,4303
2026-05-31 14:57:21,30,2026-06-30,Tuesday,07:15,08:25,HYD,VTZ,IndiGo,6E 6408,70,0,48000,low,Best,3654
2026-05-31 14:57:21,30,2026-06-30,Tuesday,07:15,08:25,HYD,VTZ,IndiGo,6E 6408,70,0,48000,low,Cheapest,3654
2026-05-31 14:57:22,60,2026-07-30,Thursday,07:15,08:25,HYD,VTZ,IndiGo,6E 6408,70,0,49000,typical,Best,3654
2026-05-31 14:57:22,60,2026-07-30,Thursday,07:15,08:25,HYD,VTZ,IndiGo,6E 6408,70,0,49000,typical,Cheapest,3654
2026-05-31 14:57:23,7,2026-06-07,Sunday,08:45,09:55,IDR,AMD,IndiGo,6E 7174,70,0,38000,high,Best,6694
2026-05-31 14:57:23,7,2026-06-07,Sunday,08:45,09:55,IDR,AMD,IndiGo,6E 7174,70,0,38000,high,Cheapest,6694
2026-05-31 14:57:23,14,2026-06-14,Sunday,21:50,23:10,IDR,AMD,IndiGo,6E 7168,80,0,38000,high,Best,4594
2026-05-31 14:57:23,14,2026-06-14,Sunday,21:50,23:10,IDR,AMD,IndiGo,6E 7168,80,0,38000,high,Cheapest,4594
2026-05-31 14:57:24,30,2026-06-30,Tuesday,21:50,23:10,IDR,AMD,IndiGo,6E 7168,80,0,38000,typical,Best,3649
2026-05-31 14:57:24,30,2026-06-30,Tuesday,21:50,23:10,IDR,AMD,IndiGo,6E 7168,80,0,38000,typical,Cheapest,3649
2026-05-31 14:57:24,60,2026-07-30,Thursday,08:45,09:55,IDR,AMD,IndiGo,6E 7174,70,0,38000,typical,Best,3439
2026-05-31 14:57:24,60,2026-07-30,Thursday,08:45,09:55,IDR,AMD,IndiGo,6E 7174,70,0,38000,typical,Cheapest,3439
2026-05-31 14:57:25,7,2026-06-07,Sunday,03:20,04:35,IDR,BLR,IndiGo,6E 120,310,1,113000,high,Best,7140
2026-05-31 14:57:25,7,2026-06-07,Sunday,03:20,04:35,IDR,BLR,IndiGo,6E 120,310,1,113000,high,Cheapest,7140
2026-05-31 14:57:26,14,2026-06-14,Sunday,03:20,04:35,IDR,BLR,IndiGo,6E 120,310,1,113000,high,Best,7140
2026-05-31 14:57:26,14,2026-06-14,Sunday,03:20,04:35,IDR,BLR,IndiGo,6E 120,310,1,113000,high,Cheapest,7140
2026-05-31 14:57:26,30,2026-06-30,Tuesday,14:40,16:45,IDR,BLR,IndiGo,6E 6739,125,0,82000,typical,Best,6956
2026-05-31 14:57:26,30,2026-06-30,Tuesday,14:40,16:45,IDR,BLR,IndiGo,6E 6739,125,0,82000,typical,Cheapest,6956
2026-05-31 14:57:27,60,2026-07-30,Thursday,14:40,16:45,IDR,BLR,IndiGo,6E 6739,125,0,84000,typical,Best,6428
2026-05-31 14:57:27,60,2026-07-30,Thursday,14:40,16:45,IDR,BLR,IndiGo,6E 6739,125,0,84000,typical,Cheapest,6428
2026-05-31 14:57:27,7,2026-06-07,Sunday,22:20,23:45,IDR,BOM,IndiGo,6E 6598,85,0,50000,high,Best,7147
2026-05-31 14:57:27,7,2026-06-07,Sunday,08:45,09:55,IDR,BOM,IndiGo,6E 7174,215,1,90000,high,Cheapest,6813
2026-05-31 14:57:28,14,2026-06-14,Sunday,16:15,17:40,IDR,BOM,IndiGo,6E 2389,85,0,50000,high,Best,7147
2026-05-31 14:57:28,14,2026-06-14,Sunday,21:50,23:10,IDR,BOM,IndiGo,6E 7168,305,1,90000,high,Cheapest,6596
2026-05-31 14:57:29,30,2026-06-30,Tuesday,20:40,22:05,IDR,BOM,IndiGo,6E 552,85,0,54000,typical,Best,6611
2026-05-31 14:57:29,30,2026-06-30,Tuesday,21:50,23:10,IDR,BOM,IndiGo,6E 7168,305,1,90000,typical,Cheapest,5651
2026-05-31 14:57:29,60,2026-07-30,Thursday,08:45,09:55,IDR,BOM,IndiGo,6E 7174,215,1,91000,typical,Best,5312
2026-05-31 14:57:29,60,2026-07-30,Thursday,08:45,09:55,IDR,BOM,IndiGo,6E 7174,215,1,91000,typical,Cheapest,5312
2026-05-31 14:57:30,7,2026-06-07,Sunday,20:30,22:40,IDR,CCU,IndiGo,6E 6566,130,0,97000,high,Best,11790
2026-05-31 14:57:30,7,2026-06-07,Sunday,20:30,22:40,IDR,CCU,IndiGo,6E 6566,130,0,97000,high,Cheapest,11790
2026-05-31 14:57:30,14,2026-06-14,Sunday,20:30,22:40,IDR,CCU,IndiGo,6E 6566,130,0,97000,high,Best,10988
2026-05-31 14:57:30,14,2026-06-14,Sunday,20:30,22:40,IDR,CCU,IndiGo,6E 6566,130,0,97000,high,Cheapest,10988
2026-05-31 14:57:31,30,2026-06-30,Tuesday,20:30,22:40,IDR,CCU,IndiGo,6E 6566,130,0,97000,typical,Best,8945
2026-05-31 14:57:31,30,2026-06-30,Tuesday,20:30,22:40,IDR,CCU,IndiGo,6E 6566,130,0,97000,typical,Cheapest,8945
2026-05-31 14:57:32,60,2026-07-30,Thursday,17:10,18:20,IDR,CCU,IndiGo,6E 813,345,1,124000,typical,Best,7179
2026-05-31 14:57:32,60,2026-07-30,Thursday,17:10,18:20,IDR,CCU,IndiGo,6E 813,345,1,124000,typical,Cheapest,7179
2026-05-31 14:57:32,7,2026-06-07,Sunday,22:10,23:15,IDR,COK,IndiGo,6E 147,400,1,138000,high,Best,9702
2026-05-31 14:57:32,7,2026-06-07,Sunday,22:10,23:15,IDR,COK,IndiGo,6E 147,400,1,138000,high,Cheapest,9702
2026-05-31 14:57:33,14,2026-06-14,Sunday,22:10,23:15,IDR,COK,IndiGo,6E 147,400,1,138000,high,Best,10059
2026-05-31 14:57:33,14,2026-06-14,Sunday,22:10,23:15,IDR,COK,IndiGo,6E 147,400,1,138000,high,Cheapest,10059
2026-05-31 14:57:34,30,2026-06-30,Tuesday,12:30,14:10,IDR,COK,IndiGo,6E 6219,470,1,128000,typical,Best,7652
2026-05-31 14:57:34,30,2026-06-30,Tuesday,12:30,14:10,IDR,COK,IndiGo,6E 6219,470,1,128000,typical,Cheapest,7652
2026-05-31 14:57:34,60,2026-07-30,Thursday,22:10,23:15,IDR,COK,IndiGo,6E 147,400,1,132000,typical,Best,7452
2026-05-31 14:57:34,60,2026-07-30,Thursday,22:10,23:15,IDR,COK,IndiGo,6E 147,400,1,132000,typical,Cheapest,7452
2026-05-31 14:57:35,7,2026-06-07,Sunday,23:15,00:45,IDR,DEL,IndiGo,6E 6972,90,0,63000,typical,Best,6242
2026-05-31 14:57:35,7,2026-06-07,Sunday,23:15,00:45,IDR,DEL,IndiGo,6E 6972,90,0,63000,typical,Cheapest,6242
2026-05-31 14:57:35,14,2026-06-14,Sunday,08:00,09:35,IDR,DEL,Air India,AI 1860,95,0,66000,typical,Best,6450
2026-05-31 14:57:35,14,2026-06-14,Sunday,06:55,08:25,IDR,DEL,IndiGo,6E 6024,90,0,58000,typical,Cheapest,6242
2026-05-31 14:57:36,30,2026-06-30,Tuesday,06:55,08:25,IDR,DEL,IndiGo,6E 6024,90,0,58000,typical,Best,5989
2026-05-31 14:57:36,30,2026-06-30,Tuesday,06:55,08:25,IDR,DEL,IndiGo,6E 6024,90,0,58000,typical,Cheapest,5989
2026-05-31 14:57:37,60,2026-07-30,Thursday,06:55,08:25,IDR,DEL,IndiGo,6E 6024,90,0,59000,typical,Best,5989
2026-05-31 14:57:37,60,2026-07-30,Thursday,06:55,08:25,IDR,DEL,IndiGo,6E 6024,90,0,59000,typical,Cheapest,5989
2026-05-31 14:57:37,7,2026-06-07,Sunday,12:20,13:45,IDR,HYD,IndiGo,6E 511,85,0,58000,high,Best,7980
2026-05-31 14:57:37,7,2026-06-07,Sunday,12:20,13:45,IDR,HYD,IndiGo,6E 511,85,0,58000,high,Cheapest,7980
2026-05-31 14:57:38,14,2026-06-14,Sunday,03:20,04:35,IDR,HYD,IndiGo,6E 120,270,1,101000,typical,Best,5526
2026-05-31 14:57:38,14,2026-06-14,Sunday,03:20,04:35,IDR,HYD,IndiGo,6E 120,270,1,101000,typical,Cheapest,5526
2026-05-31 14:57:38,30,2026-06-30,Tuesday,03:20,04:35,IDR,HYD,IndiGo,6E 120,270,1,101000,typical,Best,5316
2026-05-31 14:57:38,30,2026-06-30,Tuesday,03:20,04:35,IDR,HYD,IndiGo,6E 120,270,1,101000,typical,Cheapest,5316
2026-05-31 14:57:39,60,2026-07-30,Thursday,03:20,04:35,IDR,HYD,IndiGo,6E 120,270,1,102000,typical,Best,5316
2026-05-31 14:57:39,60,2026-07-30,Thursday,03:20,04:35,IDR,HYD,IndiGo,6E 120,270,1,102000,typical,Cheapest,5316
2026-05-31 14:57:40,7,2026-06-07,Sunday,23:15,00:45,IDR,IXC,IndiGo,6E 6972,595,1,97000,high,Best,9468
2026-05-31 14:57:40,7,2026-06-07,Sunday,23:15,00:45,IDR,IXC,IndiGo,6E 6972,595,1,97000,high,Cheapest,9468
2026-05-31 14:57:40,14,2026-06-14,Sunday,06:55,08:25,IDR,IXC,IndiGo,6E 6024,485,1,92000,typical,Best,6878
2026-05-31 14:57:40,14,2026-06-14,Sunday,06:55,08:25,IDR,IXC,IndiGo,6E 6024,485,1,92000,typical,Cheapest,6878
2026-05-31 14:57:41,30,2026-06-30,Tuesday,10:00,11:40,IDR,IXC,IndiGo,6E 497,100,0,70000,low,Best,4829
2026-05-31 14:57:41,30,2026-06-30,Tuesday,10:00,11:40,IDR,IXC,IndiGo,6E 497,100,0,70000,low,Cheapest,4829
2026-05-31 14:57:41,60,2026-07-30,Thursday,10:00,11:40,IDR,IXC,IndiGo,6E 497,100,0,71000,typical,Best,5354
2026-05-31 14:57:41,60,2026-07-30,Thursday,10:00,11:40,IDR,IXC,IndiGo,6E 497,100,0,71000,typical,Cheapest,5354
2026-05-31 14:57:42,7,2026-06-07,Sunday,19:55,21:15,IDR,JAI,IndiGo,6E 7745,80,0,46000,high,Best,5930
2026-05-31 14:57:42,7,2026-06-07,Sunday,19:55,21:15,IDR,JAI,IndiGo,6E 7745,80,0,46000,high,Cheapest,5930
2026-05-31 14:57:43,14,2026-06-14,Sunday,12:10,13:35,IDR,JAI,IndiGo,6E 7428,85,0,46000,high,Best,5930
2026-05-31 14:57:43,14,2026-06-14,Sunday,12:10,13:35,IDR,JAI,IndiGo,6E 7428,85,0,46000,high,Cheapest,5930
2026-05-31 14:57:43,30,2026-06-30,Tuesday,19:55,21:15,IDR,JAI,IndiGo,6E 7745,80,0,46000,typical,Best,5300
2026-05-31 14:57:43,30,2026-06-30,Tuesday,19:55,21:15,IDR,JAI,IndiGo,6E 7745,80,0,46000,typical,Cheapest,5300
2026-05-31 14:57:44,60,2026-07-30,Thursday,12:10,13:35,IDR,JAI,IndiGo,6E 7428,85,0,46000,typical,Best,5090
2026-05-31 14:57:44,60,2026-07-30,Thursday,12:10,13:35,IDR,JAI,IndiGo,6E 7428,85,0,46000,typical,Cheapest,5090
2026-05-31 14:57:44,7,2026-06-07,Sunday,17:35,19:35,IDR,LKO,IndiGo,6E 7422,120,0,65000,high,Best,7665
2026-05-31 14:57:44,7,2026-06-07,Sunday,17:35,19:35,IDR,LKO,IndiGo,6E 7422,120,0,65000,high,Cheapest,7665
2026-05-31 14:57:45,14,2026-06-14,Sunday,06:55,08:25,IDR,LKO,IndiGo,6E 6024,320,1,107000,high,Best,7106
2026-05-31 14:57:45,14,2026-06-14,Sunday,06:55,08:25,IDR,LKO,IndiGo,6E 6024,320,1,107000,high,Cheapest,7106
2026-05-31 14:57:46,30,2026-06-30,Tuesday,06:55,08:25,IDR,LKO,IndiGo,6E 6024,320,1,107000,typical,Best,5198
2026-05-31 14:57:46,30,2026-06-30,Tuesday,06:55,08:25,IDR,LKO,IndiGo,6E 6024,320,1,107000,typical,Cheapest,5198
2026-05-31 14:57:46,60,2026-07-30,Thursday,06:55,08:25,IDR,LKO,IndiGo,6E 6024,320,1,109000,typical,Best,5198
2026-05-31 14:57:46,60,2026-07-30,Thursday,06:55,08:25,IDR,LKO,IndiGo,6E 6024,320,1,109000,typical,Cheapest,5198
2026-05-31 14:57:47,7,2026-06-07,Sunday,07:20,09:25,IDR,MAA,IndiGo,6E 701,265,1,122000,high,Best,7627
2026-05-31 14:57:47,7,2026-06-07,Sunday,12:20,13:45,IDR,MAA,IndiGo,6E 511,410,1,108000,high,Cheapest,7548
2026-05-31 14:57:48,14,2026-06-14,Sunday,22:10,23:15,IDR,MAA,IndiGo,6E 147,265,1,133000,high,Best,7548
2026-05-31 14:57:48,14,2026-06-14,Sunday,22:10,23:15,IDR,MAA,IndiGo,6E 147,265,1,133000,high,Cheapest,7548
2026-05-31 14:57:48,30,2026-06-30,Tuesday,22:10,23:15,IDR,MAA,IndiGo,6E 147,265,1,126000,typical,Best,6720
2026-05-31 14:57:48,30,2026-06-30,Tuesday,22:10,23:15,IDR,MAA,IndiGo,6E 147,265,1,126000,typical,Cheapest,6720
2026-05-31 14:57:49,60,2026-07-30,Thursday,15:55,18:00,IDR,MAA,IndiGo,6E 995,125,0,87000,typical,Best,6237
2026-05-31 14:57:49,60,2026-07-30,Thursday,15:55,18:00,IDR,MAA,IndiGo,6E 995,125,0,87000,typical,Cheapest,6237
2026-05-31 14:57:49,7,2026-06-07,Sunday,03:20,04:35,IDR,PNQ,IndiGo,6E 120,75,0,52000,typical,Best,4870
2026-05-31 14:57:49,7,2026-06-07,Sunday,03:20,04:35,IDR,PNQ,IndiGo,6E 120,75,0,52000,typical,Cheapest,4870
2026-05-31 14:57:50,14,2026-06-14,Sunday,03:20,04:35,IDR,PNQ,IndiGo,6E 120,75,0,52000,typical,Best,4870
2026-05-31 14:57:50,14,2026-06-14,Sunday,03:20,04:35,IDR,PNQ,IndiGo,6E 120,75,0,52000,typical,Cheapest,4870
2026-05-31 14:57:51,30,2026-06-30,Tuesday,03:20,04:35,IDR,PNQ,IndiGo,6E 120,75,0,52000,typical,Best,4534
2026-05-31 14:57:51,30,2026-06-30,Tuesday,03:20,04:35,IDR,PNQ,IndiGo,6E 120,75,0,52000,typical,Cheapest,4534
2026-05-31 14:57:51,60,2026-07-30,Thursday,03:20,04:35,IDR,PNQ,IndiGo,6E 120,75,0,53000,typical,Best,4534
2026-05-31 14:57:51,60,2026-07-30,Thursday,03:20,04:35,IDR,PNQ,IndiGo,6E 120,75,0,53000,typical,Cheapest,4534
2026-05-31 14:57:52,7,2026-06-07,Sunday,08:00,09:35,IDR,STV,Air India,AI 1860,785,1,167000,Unknown,Best,0
2026-05-31 14:57:52,7,2026-06-07,Sunday,08:00,09:35,IDR,STV,Air India,AI 1860,785,1,167000,Unknown,Cheapest,0
2026-05-31 14:57:52,14,2026-06-14,Sunday,09:40,11:15,IDR,STV,Air India,AI 2591,685,1,167000,Unknown,Best,0
2026-05-31 14:57:52,14,2026-06-14,Sunday,09:40,11:15,IDR,STV,Air India,AI 2591,685,1,167000,Unknown,Cheapest,0
2026-05-31 14:57:53,30,2026-06-30,Tuesday,08:00,09:35,IDR,STV,Air India,AI 1860,785,1,167000,Unknown,Best,0
2026-05-31 14:57:53,30,2026-06-30,Tuesday,08:00,09:35,IDR,STV,Air India,AI 1860,785,1,167000,Unknown,Cheapest,0
2026-05-31 14:57:54,60,2026-07-30,Thursday,08:00,09:35,IDR,STV,Air India,AI 1860,785,1,168000,Unknown,Best,0
2026-05-31 14:57:54,60,2026-07-30,Thursday,08:00,09:35,IDR,STV,Air India,AI 1860,785,1,168000,Unknown,Cheapest,0
2026-05-31 14:57:54,7,2026-06-07,Sunday,08:00,09:35,IDR,VTZ,Air India,AI 1860,485,1,220000,Unknown,Best,0
2026-05-31 14:57:54,7,2026-06-07,Sunday,08:00,09:35,IDR,VTZ,Air India,AI 1860,485,1,220000,Unknown,Cheapest,0
2026-05-31 14:57:55,14,2026-06-14,Sunday,09:40,11:15,IDR,VTZ,Air India,AI 2591,385,1,220000,Unknown,Best,0
2026-05-31 14:57:55,14,2026-06-14,Sunday,09:40,11:15,IDR,VTZ,Air India,AI 2591,385,1,220000,Unknown,Cheapest,0
2026-05-31 14:57:55,30,2026-06-30,Tuesday,08:00,09:35,IDR,VTZ,Air India,AI 1860,485,1,220000,Unknown,Best,0
2026-05-31 14:57:55,30,2026-06-30,Tuesday,08:00,09:35,IDR,VTZ,Air India,AI 1860,485,1,220000,Unknown,Cheapest,0
2026-05-31 14:57:56,60,2026-07-30,Thursday,04:40,06:25,IDR,VTZ,Air India Express,IX 1265,685,1,221000,Unknown,Best,0
2026-05-31 14:57:56,60,2026-07-30,Thursday,04:40,06:25,IDR,VTZ,Air India Express,IX 1265,685,1,221000,Unknown,Cheapest,0
2026-05-31 14:57:57,7,2026-06-07,Sunday,06:30,07:25,IXC,AMD,IndiGo,6E 6402,445,1,97000,high,Best,16536
2026-05-31 14:57:57,7,2026-06-07,Sunday,06:30,07:25,IXC,AMD,IndiGo,6E 6402,445,1,97000,high,Cheapest,16536
2026-05-31 14:57:57,14,2026-06-14,Sunday,21:45,22:45,IXC,AMD,IndiGo,6E 2193,530,1,101000,high,Best,8224
2026-05-31 14:57:57,14,2026-06-14,Sunday,21:45,22:45,IXC,AMD,IndiGo,6E 2193,530,1,101000,high,Cheapest,8224
2026-05-31 14:57:58,30,2026-06-30,Tuesday,15:30,16:30,IXC,AMD,IndiGo,6E 6232,335,1,97000,typical,Best,5765
2026-05-31 14:57:58,30,2026-06-30,Tuesday,15:30,16:30,IXC,AMD,IndiGo,6E 6232,335,1,97000,typical,Cheapest,5765
2026-05-31 14:57:58,60,2026-07-30,Thursday,07:55,09:15,IXC,AMD,IndiGo,6E 7719,430,1,97000,typical,Best,5765
2026-05-31 14:57:58,60,2026-07-30,Thursday,07:55,09:15,IXC,AMD,IndiGo,6E 7719,430,1,97000,typical,Cheapest,5765
2026-05-31 14:57:59,7,2026-06-07,Sunday,19:50,23:00,IXC,BLR,IndiGo,6E 593,190,0,137000,high,Best,14793
2026-05-31 14:57:59,7,2026-06-07,Sunday,17:10,19:35,IXC,BLR,IndiGo,6E 5234,595,1,167000,high,Cheapest,14340
2026-05-31 14:58:00,14,2026-06-14,Sunday,15:40,18:20,IXC,BLR,IndiGo,6E 614,315,1,185000,high,Best,8520
2026-05-31 14:58:00,14,2026-06-14,Sunday,15:40,18:20,IXC,BLR,IndiGo,6E 614,315,1,185000,high,Cheapest,8520
2026-05-31 14:58:00,30,2026-06-30,Tuesday,11:10,13:30,IXC,BLR,IndiGo,6E 6382,375,1,167000,typical,Best,6524
2026-05-31 14:58:00,30,2026-06-30,Tuesday,11:10,13:30,IXC,BLR,IndiGo,6E 6382,375,1,167000,typical,Cheapest,6524
2026-05-31 14:58:01,60,2026-07-30,Thursday,13:55,15:35,IXC,BLR,IndiGo,6E 112,320,1,174000,typical,Best,6524
2026-05-31 14:58:01,60,2026-07-30,Thursday,13:55,15:35,IXC,BLR,IndiGo,6E 112,320,1,174000,typical,Cheapest,6524
2026-05-31 14:58:02,7,2026-06-07,Sunday,05:15,07:40,IXC,BOM,IndiGo,6E 5264,145,0,97000,high,Best,12206
2026-05-31 14:58:02,7,2026-06-07,Sunday,05:15,07:40,IXC,BOM,IndiGo,6E 5264,145,0,97000,high,Cheapest,12206
2026-05-31 14:58:02,14,2026-06-14,Sunday,05:15,07:40,IXC,BOM,IndiGo,6E 5264,145,0,97000,high,Best,10789
2026-05-31 14:58:02,14,2026-06-14,Sunday,21:25,22:50,IXC,BOM,IndiGo,6E 7413,615,1,115000,high,Cheapest,10617
2026-05-31 14:58:03,30,2026-06-30,Tuesday,13:55,15:35,IXC,BOM,IndiGo,6E 112,270,1,132000,typical,Best,7740
2026-05-31 14:58:03,30,2026-06-30,Tuesday,13:55,15:35,IXC,BOM,IndiGo,6E 112,270,1,132000,typical,Cheapest,7740
2026-05-31 14:58:03,60,2026-07-30,Thursday,05:15,07:40,IXC,BOM,IndiGo,6E 5264,145,0,99000,typical,Best,7849
2026-05-31 14:58:03,60,2026-07-30,Thursday,13:55,15:35,IXC,BOM,IndiGo,6E 112,270,1,134000,typical,Cheapest,7740
2026-05-31 14:58:04,7,2026-06-07,Sunday,06:30,07:25,IXC,CCU,IndiGo,6E 6402,255,1,131000,high,Best,16530
2026-05-31 14:58:04,7,2026-06-07,Sunday,06:30,07:25,IXC,CCU,IndiGo,6E 6402,255,1,131000,high,Cheapest,16530
2026-05-31 14:58:05,14,2026-06-14,Sunday,05:50,07:15,IXC,CCU,IndiGo,6E 146,315,1,127000,high,Best,13587
2026-05-31 14:58:05,14,2026-06-14,Sunday,05:50,07:15,IXC,CCU,IndiGo,6E 146,315,1,127000,high,Cheapest,13587
2026-05-31 14:58:05,30,2026-06-30,Tuesday,07:05,08:55,IXC,CCU,IndiGo,6E 6394,400,1,132000,typical,Best,7939
2026-05-31 14:58:05,30,2026-06-30,Tuesday,07:05,08:55,IXC,CCU,IndiGo,6E 6394,400,1,132000,typical,Cheapest,7939
2026-05-31 14:58:06,60,2026-07-30,Thursday,05:50,07:15,IXC,CCU,IndiGo,6E 146,315,1,129000,high,Best,8070
2026-05-31 14:58:06,60,2026-07-30,Thursday,05:50,07:15,IXC,CCU,IndiGo,6E 146,315,1,129000,high,Cheapest,8070
2026-05-31 14:58:06,7,2026-06-07,Sunday,17:10,19:35,IXC,COK,IndiGo,6E 5234,450,1,176000,high,Best,17994
2026-05-31 14:58:06,7,2026-06-07,Sunday,17:10,19:35,IXC,COK,IndiGo,6E 5234,450,1,176000,high,Cheapest,17994
2026-05-31 14:58:07,14,2026-06-14,Sunday,08:10,11:15,IXC,COK,IndiGo,6E 6634,350,1,178000,high,Best,12811
2026-05-31 14:58:07,14,2026-06-14,Sunday,08:10,11:15,IXC,COK,IndiGo,6E 6634,350,1,178000,high,Cheapest,12811
2026-05-31 14:58:08,30,2026-06-30,Tuesday,22:50,01:10,IXC,COK,IndiGo,6E 681,360,1,178000,typical,Best,9065
2026-05-31 14:58:08,30,2026-06-30,Tuesday,22:50,01:10,IXC,COK,IndiGo,6E 681,360,1,178000,typical,Cheapest,9065
2026-05-31 14:58:08,60,2026-07-30,Thursday,22:50,01:10,IXC,COK,IndiGo,6E 681,360,1,180000,typical,Best,8660
2026-05-31 14:58:08,60,2026-07-30,Thursday,22:50,01:10,IXC,COK,IndiGo,6E 681,360,1,180000,typical,Cheapest,8660
2026-05-31 14:58:09,7,2026-06-07,Sunday,07:50,08:55,IXC,DEL,Air India,AI 1862,65,0,44000,high,Best,6156
2026-05-31 14:58:09,7,2026-06-07,Sunday,07:50,08:55,IXC,DEL,Air India,AI 1862,65,0,44000,high,Cheapest,6156
2026-05-31 14:58:09,14,2026-06-14,Sunday,21:45,22:45,IXC,DEL,IndiGo,6E 2193,60,0,39000,typical,Best,4329
2026-05-31 14:58:09,14,2026-06-14,Sunday,21:45,22:45,IXC,DEL,IndiGo,6E 2193,60,0,39000,typical,Cheapest,4329
2026-05-31 14:58:10,30,2026-06-30,Tuesday,15:30,16:30,IXC,DEL,IndiGo,6E 6232,60,0,35000,typical,Best,4329
2026-05-31 14:58:10,30,2026-06-30,Tuesday,07:55,09:15,IXC,DEL,IndiGo,6E 7719,625,1,79000,typical,Cheapest,3678
2026-05-31 14:58:11,60,2026-07-30,Thursday,15:30,16:30,IXC,DEL,IndiGo,6E 6232,60,0,36000,typical,Best,4145
2026-05-31 14:58:11,60,2026-07-30,Thursday,07:55,09:15,IXC,DEL,IndiGo,6E 7719,625,1,81000,typical,Cheapest,3678
2026-05-31 14:58:11,7,2026-06-07,Sunday,07:20,09:45,IXC,HYD,IndiGo,6E 867,145,0,108000,high,Best,19152
2026-05-31 14:58:11,7,2026-06-07,Sunday,07:20,09:45,IXC,HYD,IndiGo,6E 867,145,0,108000,high,Cheapest,19152
2026-05-31 14:58:12,14,2026-06-14,Sunday,07:20,09:45,IXC,HYD,IndiGo,6E 867,145,0,108000,high,Best,10647
2026-05-31 14:58:12,14,2026-06-14,Sunday,07:20,09:45,IXC,HYD,IndiGo,6E 867,145,0,108000,high,Cheapest,10647
2026-05-31 14:58:12,30,2026-06-30,Tuesday,15:30,16:30,IXC,HYD,IndiGo,6E 6232,285,1,131000,typical,Best,7609
2026-05-31 14:58:12,30,2026-06-30,Tuesday,15:30,16:30,IXC,HYD,IndiGo,6E 6232,285,1,131000,typical,Cheapest,7609
2026-05-31 14:58:13,60,2026-07-30,Thursday,07:20,09:45,IXC,HYD,IndiGo,6E 867,145,0,109000,typical,Best,7182
2026-05-31 14:58:13,60,2026-07-30,Thursday,07:20,09:45,IXC,HYD,IndiGo,6E 867,145,0,109000,typical,Cheapest,7182
2026-05-31 14:58:14,7,2026-06-07,Sunday,21:45,22:45,IXC,IDR,IndiGo,6E 2193,520,1,95000,high,Best,14084
2026-05-31 14:58:14,7,2026-06-07,Sunday,21:45,22:45,IXC,IDR,IndiGo,6E 2193,520,1,95000,high,Cheapest,14084
2026-05-31 14:58:14,14,2026-06-14,Sunday,21:45,22:45,IXC,IDR,IndiGo,6E 2193,520,1,95000,high,Best,9312
2026-05-31 14:58:14,14,2026-06-14,Sunday,21:45,22:45,IXC,IDR,IndiGo,6E 2193,520,1,95000,high,Cheapest,9312
2026-05-31 14:58:15,30,2026-06-30,Tuesday,12:30,14:10,IXC,IDR,IndiGo,6E 6738,100,0,70000,typical,Best,5081
2026-05-31 14:58:15,30,2026-06-30,Tuesday,12:30,14:10,IXC,IDR,IndiGo,6E 6738,100,0,70000,typical,Cheapest,5081
2026-05-31 14:58:16,60,2026-07-30,Thursday,12:30,14:10,IXC,IDR,IndiGo,6E 6738,100,0,71000,low,Best,4556
2026-05-31 14:58:16,60,2026-07-30,Thursday,12:30,14:10,IXC,IDR,IndiGo,6E 6738,100,0,71000,low,Cheapest,4556
2026-05-31 14:58:16,7,2026-06-07,Sunday,21:45,22:45,IXC,JAI,IndiGo,6E 2193,510,1,70000,high,Best,7798
2026-05-31 14:58:16,7,2026-06-07,Sunday,21:45,22:45,IXC,JAI,IndiGo,6E 2193,510,1,70000,high,Cheapest,7798
2026-05-31 14:58:17,14,2026-06-14,Sunday,21:45,22:45,IXC,JAI,IndiGo,6E 2193,510,1,70000,high,Best,6839
2026-05-31 14:58:17,14,2026-06-14,Sunday,21:45,22:45,IXC,JAI,IndiGo,6E 2193,510,1,70000,high,Cheapest,6839
2026-05-31 14:58:17,30,2026-06-30,Tuesday,07:55,09:15,IXC,JAI,IndiGo,6E 7719,80,0,45000,typical,Best,4817
2026-05-31 14:58:17,30,2026-06-30,Tuesday,07:55,09:15,IXC,JAI,IndiGo,6E 7719,80,0,45000,typical,Cheapest,4817
2026-05-31 14:58:18,60,2026-07-30,Thursday,21:25,22:50,IXC,JAI,IndiGo,6E 7413,85,0,46000,typical,Best,4607
2026-05-31 14:58:18,60,2026-07-30,Thursday,21:25,22:50,IXC,JAI,IndiGo,6E 7413,85,0,46000,typical,Cheapest,4607
2026-05-31 14:58:19,7,2026-06-07,Sunday,05:50,07:15,IXC,LKO,IndiGo,6E 146,85,0,57000,high,Best,9020
2026-05-31 14:58:19,7,2026-06-07,Sunday,05:50,07:15,IXC,LKO,IndiGo,6E 146,85,0,57000,high,Cheapest,9020
2026-05-31 14:58:19,14,2026-06-14,Sunday,21:45,22:45,IXC,LKO,IndiGo,6E 2193,535,1,96000,high,Best,6937
2026-05-31 14:58:19,14,2026-06-14,Sunday,21:45,22:45,IXC,LKO,IndiGo,6E 2193,535,1,96000,high,Cheapest,6937
2026-05-31 14:58:20,30,2026-06-30,Tuesday,05:50,07:15,IXC,LKO,IndiGo,6E 146,85,0,57000,typical,Best,4557
2026-05-31 14:58:20,30,2026-06-30,Tuesday,05:50,07:15,IXC,LKO,IndiGo,6E 146,85,0,57000,typical,Cheapest,4557
2026-05-31 14:58:20,60,2026-07-30,Thursday,05:50,07:15,IXC,LKO,IndiGo,6E 146,85,0,58000,typical,Best,4347
2026-05-31 14:58:20,60,2026-07-30,Thursday,05:50,07:15,IXC,LKO,IndiGo,6E 146,85,0,58000,typical,Cheapest,4347
2026-05-31 14:58:21,7,2026-06-07,Sunday,19:25,22:25,IXC,MAA,IndiGo,6E 971,180,0,135000,high,Best,13010
2026-05-31 14:58:21,7,2026-06-07,Sunday,19:25,22:25,IXC,MAA,IndiGo,6E 971,180,0,135000,high,Cheapest,13010
2026-05-31 14:58:22,14,2026-06-14,Sunday,19:25,22:25,IXC,MAA,IndiGo,6E 971,180,0,135000,typical,Best,9965
2026-05-31 14:58:22,14,2026-06-14,Sunday,19:25,22:25,IXC,MAA,IndiGo,6E 971,180,0,135000,typical,Cheapest,9965
2026-05-31 14:58:22,30,2026-06-30,Tuesday,12:30,14:10,IXC,MAA,IndiGo,6E 6738,330,1,156000,typical,Best,8430
2026-05-31 14:58:22,30,2026-06-30,Tuesday,12:30,14:10,IXC,MAA,IndiGo,6E 6738,330,1,156000,typical,Cheapest,8430
2026-05-31 14:58:23,60,2026-07-30,Thursday,12:30,14:10,IXC,MAA,IndiGo,6E 6738,330,1,159000,high,Best,8182
2026-05-31 14:58:23,60,2026-07-30,Thursday,12:30,14:10,IXC,MAA,IndiGo,6E 6738,330,1,159000,high,Cheapest,8182
2026-05-31 14:58:23,7,2026-06-07,Sunday,22:50,01:10,IXC,PNQ,IndiGo,6E 681,140,0,99000,high,Best,22407
2026-05-31 14:58:23,7,2026-06-07,Sunday,06:30,07:25,IXC,PNQ,IndiGo,6E 6402,455,1,123000,high,Cheapest,16671
2026-05-31 14:58:24,14,2026-06-14,Sunday,22:50,01:10,IXC,PNQ,IndiGo,6E 681,140,0,99000,high,Best,16317
2026-05-31 14:58:24,14,2026-06-14,Sunday,21:45,22:45,IXC,PNQ,IndiGo,6E 2193,540,1,124000,high,Cheapest,11074
2026-05-31 14:58:25,30,2026-06-30,Tuesday,22:50,01:10,IXC,PNQ,IndiGo,6E 681,140,0,99000,typical,Best,7287
2026-05-31 14:58:25,30,2026-06-30,Tuesday,22:50,01:10,IXC,PNQ,IndiGo,6E 681,140,0,99000,typical,Cheapest,7287
2026-05-31 14:58:25,60,2026-07-30,Thursday,22:50,01:10,IXC,PNQ,IndiGo,6E 681,140,0,101000,typical,Best,7077
2026-05-31 14:58:25,60,2026-07-30,Thursday,22:50,01:10,IXC,PNQ,IndiGo,6E 681,140,0,101000,typical,Cheapest,7077
2026-05-31 14:58:26,7,2026-06-07,Sunday,21:45,22:45,IXC,STV,IndiGo,6E 2193,615,1,112000,high,Best,20839
2026-05-31 14:58:26,7,2026-06-07,Sunday,21:45,22:45,IXC,STV,IndiGo,6E 2193,615,1,112000,high,Cheapest,20839
2026-05-31 14:58:26,14,2026-06-14,Sunday,21:45,22:45,IXC,STV,IndiGo,6E 2193,615,1,112000,typical,Best,9387
2026-05-31 14:58:26,14,2026-06-14,Sunday,21:45,22:45,IXC,STV,IndiGo,6E 2193,615,1,112000,typical,Cheapest,9387
2026-05-31 14:58:27,30,2026-06-30,Tuesday,07:55,09:15,IXC,STV,IndiGo,6E 7719,465,1,105000,typical,Best,6485
2026-05-31 14:58:27,30,2026-06-30,Tuesday,07:55,09:15,IXC,STV,IndiGo,6E 7719,465,1,105000,typical,Cheapest,6485
2026-05-31 14:58:28,60,2026-07-30,Thursday,07:55,09:15,IXC,STV,IndiGo,6E 7719,465,1,106000,high,Best,7592
2026-05-31 14:58:28,60,2026-07-30,Thursday,07:55,09:15,IXC,STV,IndiGo,6E 7719,465,1,106000,high,Cheapest,7592
2026-05-31 14:58:28,7,2026-06-07,Sunday,07:50,08:55,IXC,VTZ,Air India,AI 1862,485,2,224000,Unknown,Best,0
2026-05-31 14:58:28,7,2026-06-07,Sunday,07:50,08:55,IXC,VTZ,Air India,AI 1862,485,2,224000,Unknown,Cheapest,0
2026-05-31 14:58:29,14,2026-06-14,Sunday,07:50,08:55,IXC,VTZ,Air India,AI 1862,485,2,224000,Unknown,Best,0
2026-05-31 14:58:29,14,2026-06-14,Sunday,07:50,08:55,IXC,VTZ,Air India,AI 1862,485,2,224000,Unknown,Cheapest,0
2026-05-31 14:58:29,30,2026-06-30,Tuesday,08:30,09:40,IXC,VTZ,Air India,AI 1862,455,1,198000,Unknown,Best,0
2026-05-31 14:58:29,30,2026-06-30,Tuesday,08:30,09:40,IXC,VTZ,Air India,AI 1862,455,1,198000,Unknown,Cheapest,0
2026-05-31 14:58:30,60,2026-07-30,Thursday,08:30,09:40,IXC,VTZ,Air India,AI 1862,455,1,197000,Unknown,Best,0
2026-05-31 14:58:30,60,2026-07-30,Thursday,08:30,09:40,IXC,VTZ,Air India,AI 1862,455,1,197000,Unknown,Cheapest,0
2026-05-31 14:58:31,7,2026-06-07,Sunday,05:40,07:15,JAI,AMD,IndiGo,6E 7138,95,0,51000,high,Best,6275
2026-05-31 14:58:31,7,2026-06-07,Sunday,05:40,07:15,JAI,AMD,IndiGo,6E 7138,95,0,51000,high,Cheapest,6275
2026-05-31 14:58:31,14,2026-06-14,Sunday,06:45,07:40,JAI,AMD,IndiGo,6E 2165,290,1,96000,typical,Best,5415
2026-05-31 14:58:31,14,2026-06-14,Sunday,06:45,07:40,JAI,AMD,IndiGo,6E 2165,290,1,96000,typical,Cheapest,5415
2026-05-31 14:58:32,30,2026-06-30,Tuesday,06:45,07:40,JAI,AMD,IndiGo,6E 2165,290,1,96000,typical,Best,5566
2026-05-31 14:58:32,30,2026-06-30,Tuesday,06:45,07:40,JAI,AMD,IndiGo,6E 2165,290,1,96000,typical,Cheapest,5566
2026-05-31 14:58:32,60,2026-07-30,Thursday,08:30,10:00,JAI,AMD,IndiGo,6E 7217,90,0,51000,typical,Best,5435
2026-05-31 14:58:32,60,2026-07-30,Thursday,08:30,10:00,JAI,AMD,IndiGo,6E 7217,90,0,51000,typical,Cheapest,5435
2026-05-31 14:58:33,7,2026-06-07,Sunday,12:35,15:10,JAI,BLR,IndiGo,6E 498,155,0,107000,high,Best,9507
2026-05-31 14:58:33,7,2026-06-07,Sunday,12:35,15:10,JAI,BLR,IndiGo,6E 498,155,0,107000,high,Cheapest,9507
2026-05-31 14:58:34,14,2026-06-14,Sunday,06:25,08:40,JAI,BLR,IndiGo,6E 373,135,0,107000,typical,Best,7722
2026-05-31 14:58:34,14,2026-06-14,Sunday,06:25,08:40,JAI,BLR,IndiGo,6E 373,135,0,107000,typical,Cheapest,7722
2026-05-31 14:58:34,30,2026-06-30,Tuesday,21:05,22:50,JAI,BLR,IndiGo,6E 6116,265,1,133000,typical,Best,7035
2026-05-31 14:58:34,30,2026-06-30,Tuesday,21:05,22:50,JAI,BLR,IndiGo,6E 6116,265,1,133000,typical,Cheapest,7035
2026-05-31 14:58:35,60,2026-07-30,Thursday,08:35,11:00,JAI,BLR,IndiGo,6E 6142,145,0,108000,typical,Best,6324
2026-05-31 14:58:35,60,2026-07-30,Thursday,08:35,11:00,JAI,BLR,IndiGo,6E 6142,145,0,108000,typical,Cheapest,6324
2026-05-31 14:58:36,7,2026-06-07,Sunday,13:30,15:05,JAI,BOM,IndiGo,6E 7031,295,1,102000,high,Best,6635
2026-05-31 14:58:36,7,2026-06-07,Sunday,13:30,15:05,JAI,BOM,IndiGo,6E 7031,295,1,102000,high,Cheapest,6635
2026-05-31 14:58:36,14,2026-06-14,Sunday,06:05,07:40,JAI,BOM,IndiGo,6E 5282,95,0,71000,typical,Best,5944
2026-05-31 14:58:36,14,2026-06-14,Sunday,06:05,07:40,JAI,BOM,IndiGo,6E 5282,95,0,71000,typical,Cheapest,5944
2026-05-31 14:58:37,30,2026-06-30,Tuesday,17:05,17:50,JAI,BOM,IndiGo,6E 7517,255,1,97000,typical,Best,5877
2026-05-31 14:58:37,30,2026-06-30,Tuesday,17:05,17:50,JAI,BOM,IndiGo,6E 7517,255,1,97000,typical,Cheapest,5877
2026-05-31 14:58:37,60,2026-07-30,Thursday,06:05,07:40,JAI,BOM,IndiGo,6E 5282,95,0,72000,typical,Best,5745
2026-05-31 14:58:37,60,2026-07-30,Thursday,06:05,07:40,JAI,BOM,IndiGo,6E 5282,95,0,72000,typical,Cheapest,5745
2026-05-31 14:58:38,7,2026-06-07,Sunday,09:50,12:05,JAI,CCU,IndiGo,6E 207,135,0,103000,high,Best,8532
2026-05-31 14:58:38,7,2026-06-07,Sunday,09:50,12:05,JAI,CCU,IndiGo,6E 207,135,0,103000,high,Cheapest,8532
2026-05-31 14:58:39,14,2026-06-14,Sunday,09:50,12:05,JAI,CCU,IndiGo,6E 207,135,0,103000,high,Best,8532
2026-05-31 14:58:39,14,2026-06-14,Sunday,09:50,12:05,JAI,CCU,IndiGo,6E 207,135,0,103000,high,Cheapest,8532
2026-05-31 14:58:39,30,2026-06-30,Tuesday,09:50,12:05,JAI,CCU,IndiGo,6E 207,135,0,103000,high,Best,8532
2026-05-31 14:58:39,30,2026-06-30,Tuesday,09:50,12:05,JAI,CCU,IndiGo,6E 207,135,0,103000,high,Cheapest,8532
2026-05-31 14:58:40,60,2026-07-30,Thursday,09:50,12:05,JAI,CCU,IndiGo,6E 207,135,0,104000,typical,Best,7482
2026-05-31 14:58:40,60,2026-07-30,Thursday,09:50,12:05,JAI,CCU,IndiGo,6E 207,135,0,104000,typical,Cheapest,7482
2026-05-31 14:58:40,7,2026-06-07,Sunday,08:35,11:00,JAI,COK,IndiGo,6E 6142,325,1,147000,high,Best,12911
2026-05-31 14:58:40,7,2026-06-07,Sunday,21:20,23:20,JAI,COK,IndiGo,6E 816,700,1,149000,high,Cheapest,12667
2026-05-31 14:58:41,14,2026-06-14,Sunday,06:25,08:40,JAI,COK,IndiGo,6E 373,550,1,159000,high,Best,10354
2026-05-31 14:58:41,14,2026-06-14,Sunday,06:25,08:40,JAI,COK,IndiGo,6E 373,550,1,159000,high,Cheapest,10354
2026-05-31 14:58:42,30,2026-06-30,Tuesday,21:05,22:50,JAI,COK,IndiGo,6E 6116,465,1,151000,typical,Best,8449
2026-05-31 14:58:42,30,2026-06-30,Tuesday,21:05,22:50,JAI,COK,IndiGo,6E 6116,465,1,151000,typical,Cheapest,8449
2026-05-31 14:58:42,60,2026-07-30,Thursday,08:35,11:00,JAI,COK,IndiGo,6E 6142,325,1,150000,typical,Best,8376
2026-05-31 14:58:42,60,2026-07-30,Thursday,21:05,22:50,JAI,COK,IndiGo,6E 6116,465,1,153000,typical,Cheapest,8087
2026-05-31 14:58:43,7,2026-06-07,Sunday,22:25,23:25,JAI,DEL,IndiGo,6E 2376,60,0,34000,high,Best,3060
2026-05-31 14:58:43,7,2026-06-07,Sunday,22:25,23:25,JAI,DEL,IndiGo,6E 2376,60,0,34000,high,Cheapest,3060
2026-05-31 14:58:43,14,2026-06-14,Sunday,17:15,18:20,JAI,DEL,IndiGo,6E 6492,65,0,34000,high,Best,3060
2026-05-31 14:58:43,14,2026-06-14,Sunday,17:15,18:20,JAI,DEL,IndiGo,6E 6492,65,0,34000,high,Cheapest,3060
2026-05-31 14:58:44,30,2026-06-30,Tuesday,06:45,07:40,JAI,DEL,IndiGo,6E 2165,55,0,34000,typical,Best,3060
2026-05-31 14:58:44,30,2026-06-30,Tuesday,17:15,18:20,JAI,DEL,IndiGo,6E 6492,65,0,34000,typical,Cheapest,2861
2026-05-31 14:58:45,60,2026-07-30,Thursday,08:50,09:45,JAI,DEL,Air India,AI 1834,55,0,43000,high,Best,3285
2026-05-31 14:58:45,60,2026-07-30,Thursday,08:50,09:45,JAI,DEL,Air India,AI 1834,55,0,43000,high,Cheapest,3285
2026-05-31 14:58:45,7,2026-06-07,Sunday,21:20,23:20,JAI,HYD,IndiGo,6E 816,120,0,83000,high,Best,8007
2026-05-31 14:58:45,7,2026-06-07,Sunday,21:20,23:20,JAI,HYD,IndiGo,6E 816,120,0,83000,high,Cheapest,8007
2026-05-31 14:58:46,14,2026-06-14,Sunday,21:20,23:20,JAI,HYD,IndiGo,6E 816,120,0,83000,high,Best,8007
2026-05-31 14:58:46,14,2026-06-14,Sunday,21:20,23:20,JAI,HYD,IndiGo,6E 816,120,0,83000,high,Cheapest,8007
2026-05-31 14:58:46,30,2026-06-30,Tuesday,21:20,23:20,JAI,HYD,IndiGo,6E 816,120,0,83000,typical,Best,7430
2026-05-31 14:58:46,30,2026-06-30,Tuesday,21:20,23:20,JAI,HYD,IndiGo,6E 816,120,0,83000,typical,Cheapest,7430
2026-05-31 14:58:47,60,2026-07-30,Thursday,21:20,23:20,JAI,HYD,IndiGo,6E 816,120,0,84000,typical,Best,7115
2026-05-31 14:58:47,60,2026-07-30,Thursday,21:20,23:20,JAI,HYD,IndiGo,6E 816,120,0,84000,typical,Cheapest,7115
2026-05-31 14:58:48,7,2026-06-07,Sunday,22:25,23:25,JAI,IDR,IndiGo,6E 2376,480,1,90000,typical,Best,4988
2026-05-31 14:58:48,7,2026-06-07,Sunday,22:25,23:25,JAI,IDR,IndiGo,6E 2376,480,1,90000,typical,Cheapest,4988
2026-05-31 14:58:48,14,2026-06-14,Sunday,06:45,07:40,JAI,IDR,IndiGo,6E 2165,365,1,90000,typical,Best,4988
2026-05-31 14:58:48,14,2026-06-14,Sunday,06:45,07:40,JAI,IDR,IndiGo,6E 2165,365,1,90000,typical,Cheapest,4988
2026-05-31 14:58:49,30,2026-06-30,Tuesday,06:45,07:40,JAI,IDR,IndiGo,6E 2165,365,1,90000,typical,Best,4988
2026-05-31 14:58:49,30,2026-06-30,Tuesday,06:45,07:40,JAI,IDR,IndiGo,6E 2165,365,1,90000,typical,Cheapest,4988
2026-05-31 14:58:50,60,2026-07-30,Thursday,06:55,08:20,JAI,IDR,IndiGo,6E 7427,85,0,46000,typical,Best,4936
2026-05-31 14:58:50,60,2026-07-30,Thursday,06:55,08:20,JAI,IDR,IndiGo,6E 7427,85,0,46000,typical,Cheapest,4936
2026-05-31 14:58:50,7,2026-06-07,Sunday,13:20,14:35,JAI,IXC,IndiGo,6E 7516,75,0,45000,high,Best,5671
2026-05-31 14:58:50,7,2026-06-07,Sunday,13:20,14:35,JAI,IXC,IndiGo,6E 7516,75,0,45000,high,Cheapest,5671
2026-05-31 14:58:51,14,2026-06-14,Sunday,19:35,20:45,JAI,IXC,IndiGo,6E 7414,70,0,45000,high,Best,5041
2026-05-31 14:58:51,14,2026-06-14,Sunday,19:35,20:45,JAI,IXC,IndiGo,6E 7414,70,0,45000,high,Cheapest,5041
2026-05-31 14:58:51,30,2026-06-30,Tuesday,06:10,07:35,JAI,IXC,IndiGo,6E 7718,85,0,45000,typical,Best,4621
2026-05-31 14:58:51,30,2026-06-30,Tuesday,06:10,07:35,JAI,IXC,IndiGo,6E 7718,85,0,45000,typical,Cheapest,4621
2026-05-31 14:58:52,60,2026-07-30,Thursday,09:10,10:10,JAI,IXC,IndiGo,6E 2165,350,1,70000,typical,Best,4358
2026-05-31 14:58:52,60,2026-07-30,Thursday,09:10,10:10,JAI,IXC,IndiGo,6E 2165,350,1,70000,typical,Cheapest,4358
2026-05-31 14:58:53,7,2026-06-07,Sunday,08:45,10:20,JAI,LKO,IndiGo,6E 7651,95,0,57000,high,Best,6012
2026-05-31 14:58:53,7,2026-06-07,Sunday,22:25,23:25,JAI,LKO,IndiGo,6E 2376,495,1,91000,high,Cheapest,5948
2026-05-31 14:58:53,14,2026-06-14,Sunday,08:45,10:20,JAI,LKO,IndiGo,6E 7651,95,0,57000,high,Best,6012
2026-05-31 14:58:53,14,2026-06-14,Sunday,22:25,23:25,JAI,LKO,IndiGo,6E 2376,495,1,91000,high,Cheapest,5948
2026-05-31 14:58:54,30,2026-06-30,Tuesday,06:45,07:40,JAI,LKO,IndiGo,6E 2165,260,1,83000,typical,Best,5015
2026-05-31 14:58:54,30,2026-06-30,Tuesday,06:45,07:40,JAI,LKO,IndiGo,6E 2165,260,1,83000,typical,Cheapest,5015
2026-05-31 14:58:54,60,2026-07-30,Thursday,07:50,08:45,JAI,LKO,IndiGo,6E 7647,505,1,71000,typical,Best,4737
2026-05-31 14:58:54,60,2026-07-30,Thursday,07:50,08:45,JAI,LKO,IndiGo,6E 7647,505,1,71000,typical,Cheapest,4737
2026-05-31 14:58:55,7,2026-06-07,Sunday,14:15,16:50,JAI,MAA,IndiGo,6E 694,155,0,109000,high,Best,11997
2026-05-31 14:58:55,7,2026-06-07,Sunday,14:15,16:50,JAI,MAA,IndiGo,6E 694,155,0,109000,high,Cheapest,11997
2026-05-31 14:58:56,14,2026-06-14,Sunday,14:15,16:50,JAI,MAA,IndiGo,6E 694,155,0,109000,high,Best,8847
2026-05-31 14:58:56,14,2026-06-14,Sunday,14:15,16:50,JAI,MAA,IndiGo,6E 694,155,0,109000,high,Cheapest,8847
2026-05-31 14:58:56,30,2026-06-30,Tuesday,21:20,23:20,JAI,MAA,IndiGo,6E 816,665,1,138000,typical,Best,8209
2026-05-31 14:58:56,30,2026-06-30,Tuesday,21:20,23:20,JAI,MAA,IndiGo,6E 816,665,1,138000,typical,Cheapest,8209
2026-05-31 14:58:57,60,2026-07-30,Thursday,14:15,16:50,JAI,MAA,IndiGo,6E 694,155,0,111000,typical,Best,7797
2026-05-31 14:58:57,60,2026-07-30,Thursday,14:15,16:50,JAI,MAA,IndiGo,6E 694,155,0,111000,typical,Cheapest,7797
2026-05-31 14:58:57,7,2026-06-07,Sunday,05:40,07:15,JAI,PNQ,IndiGo,6E 7138,570,1,104000,high,Best,8035
2026-05-31 14:58:57,7,2026-06-07,Sunday,05:40,07:15,JAI,PNQ,IndiGo,6E 7138,570,1,104000,high,Cheapest,8035
2026-05-31 14:58:58,14,2026-06-14,Sunday,21:05,22:50,JAI,PNQ,IndiGo,6E 6116,105,0,72000,high,Best,7672
2026-05-31 14:58:58,14,2026-06-14,Sunday,21:05,22:50,JAI,PNQ,IndiGo,6E 6116,105,0,72000,high,Cheapest,7672
2026-05-31 14:58:59,30,2026-06-30,Tuesday,21:05,22:50,JAI,PNQ,IndiGo,6E 6116,105,0,72000,typical,Best,6937
2026-05-31 14:58:59,30,2026-06-30,Tuesday,21:05,22:50,JAI,PNQ,IndiGo,6E 6116,105,0,72000,typical,Cheapest,6937
2026-05-31 14:58:59,60,2026-07-30,Thursday,21:05,22:50,JAI,PNQ,IndiGo,6E 6116,105,0,73000,typical,Best,6429
2026-05-31 14:58:59,60,2026-07-30,Thursday,21:05,22:50,JAI,PNQ,IndiGo,6E 6116,105,0,73000,typical,Cheapest,6429
2026-05-31 14:59:00,7,2026-06-07,Sunday,14:05,15:40,JAI,STV,IndiGo,6E 6851,95,0,60000,high,Best,8952
2026-05-31 14:59:00,7,2026-06-07,Sunday,14:05,15:40,JAI,STV,IndiGo,6E 6851,95,0,60000,high,Cheapest,8952
2026-05-31 14:59:00,14,2026-06-14,Sunday,14:05,15:40,JAI,STV,IndiGo,6E 6851,95,0,60000,typical,Best,5172
2026-05-31 14:59:00,14,2026-06-14,Sunday,14:05,15:40,JAI,STV,IndiGo,6E 6851,95,0,60000,typical,Cheapest,5172
2026-05-31 14:59:01,30,2026-06-30,Tuesday,22:25,23:25,JAI,STV,IndiGo,6E 2376,575,1,108000,typical,Best,4756
2026-05-31 14:59:01,30,2026-06-30,Tuesday,22:25,23:25,JAI,STV,IndiGo,6E 2376,575,1,108000,typical,Cheapest,4756
2026-05-31 14:59:02,60,2026-07-30,Thursday,09:10,10:10,JAI,STV,IndiGo,6E 2165,480,1,109000,typical,Best,4603
2026-05-31 14:59:02,60,2026-07-30,Thursday,09:10,10:10,JAI,STV,IndiGo,6E 2165,480,1,109000,typical,Cheapest,4603
2026-05-31 14:59:02,7,2026-06-07,Sunday,08:50,09:45,JAI,VTZ,Air India,AI 1834,435,1,323000,Unknown,Best,0
2026-05-31 14:59:02,7,2026-06-07,Sunday,08:50,09:45,JAI,VTZ,Air India,AI 1834,435,1,323000,Unknown,Cheapest,0
2026-05-31 14:59:03,14,2026-06-14,Sunday,08:50,09:45,JAI,VTZ,Air India,AI 1834,435,1,216000,Unknown,Best,0
2026-05-31 14:59:03,14,2026-06-14,Sunday,08:50,09:45,JAI,VTZ,Air India,AI 1834,435,1,216000,Unknown,Cheapest,0
2026-05-31 14:59:04,30,2026-06-30,Tuesday,08:50,09:45,JAI,VTZ,Air India,AI 1834,435,1,216000,Unknown,Best,0
2026-05-31 14:59:04,30,2026-06-30,Tuesday,08:50,09:45,JAI,VTZ,Air India,AI 1834,435,1,216000,Unknown,Cheapest,0
2026-05-31 14:59:04,60,2026-07-30,Thursday,08:50,09:45,JAI,VTZ,Air India,AI 1834,435,1,196000,Unknown,Best,0
2026-05-31 14:59:04,60,2026-07-30,Thursday,08:50,09:45,JAI,VTZ,Air India,AI 1834,435,1,196000,Unknown,Cheapest,0
