Date,City,City_Code,Latitude,Longitude,Day_of_Week,Is_Weekend,Temperature_Max_C,Temperature_Min_C,Temperature_Mean_C,Apparent_Temperature_Max_C,Apparent_Temperature_Min_C,Precipitation_Sum_MM,Rain_Sum_MM,Precipitation_Hours,Wind_Speed_Max_KMH,Wind_Gusts_Max_KMH,Wind_Direction_Dominant_Deg,Weather_Code,Weather_Source,Holiday_Names,Holiday_Types,Holiday_Regions,Holiday_Sources,Is_Holiday,Morning_Capture_Timestamp,Morning_Temperature_C,Morning_Weather_Condition,Morning_Precipitation_Probability,Morning_Humidity_Percent,Morning_Wind_Speed,Morning_Location,Midday_Capture_Timestamp,Midday_Temperature_C,Midday_Weather_Condition,Midday_Precipitation_Probability,Midday_Humidity_Percent,Midday_Wind_Speed,Midday_Location
2026-07-01,Ahmedabad,AMD,23.0225,72.5714,Wednesday,false,37.6,26.8,32.0,43.1,31.8,4.1,3.2,14.0,18.8,48.2,222,53,open-meteo-historical-forecast,,,,,false,,,,,,,,,,,,,,
2026-07-02,Ahmedabad,AMD,23.0225,72.5714,Thursday,false,35.7,25.8,30.4,42.4,30.3,4.0,3.1,11.0,17.0,43.9,210,53,open-meteo-historical-forecast,,,,,false,,,,,,,,,,,,,,
2026-07-03,Ahmedabad,AMD,23.0225,72.5714,Friday,false,31.5,26.3,29.1,37.6,31.0,2.6,2.6,5.0,13.4,33.1,231,80,open-meteo-historical-forecast,,,,,false,,,,,,,,,,,,,,
2026-07-04,Ahmedabad,AMD,23.0225,72.5714,Saturday,true,32.0,25.7,28.4,36.4,30.9,7.2,7.2,11.0,12.5,27.0,243,61,open-meteo-historical-forecast,,,,,false,,,,,,,,,,,,,,
2026-07-05,Ahmedabad,AMD,23.0225,72.5714,Sunday,true,33.1,25.4,28.8,40.5,31.2,24.2,4.6,18.0,10.3,27.7,298,96,open-meteo-historical-forecast,,,,,false,,,,,,,,,,,,,,
2026-07-06,Ahmedabad,AMD,23.0225,72.5714,Monday,false,34.0,26.7,29.4,41.9,32.8,20.4,6.6,12.0,10.7,29.5,307,96,open-meteo-historical-forecast,,,,,false,,,,,,,,,,,,,,
2026-07-07,Ahmedabad,AMD,23.0225,72.5714,Tuesday,false,30.9,25.5,27.7,36.7,30.9,34.3,13.2,21.0,14.9,39.2,292,96,open-meteo-historical-forecast,,,,,false,,,,,,,,,,,,,,
2026-07-08,Ahmedabad,AMD,23.0225,72.5714,Wednesday,false,33.1,27.4,30.1,38.6,33.7,0.3,0.2,3.0,14.4,40.0,236,51,open-meteo-historical-forecast,,,,,false,,,,,,,,,,,,,,
2026-07-09,Ahmedabad,AMD,23.0225,72.5714,Thursday,false,35.3,27.5,30.8,39.1,32.0,0.3,0.1,2.0,15.3,42.1,231,51,open-meteo-historical-forecast,,,,,false,,,,,,,,,,,,,,
2026-07-10,Ahmedabad,AMD,23.0225,72.5714,Friday,false,35.7,27.2,31.0,38.8,32.0,0.3,0.0,2.0,16.9,46.4,235,51,open-meteo-historical-forecast,,,,,false,,,,,,,,,,,,,,
2026-07-11,Ahmedabad,AMD,23.0225,72.5714,Saturday,true,36.4,27.4,31.2,39.0,31.5,0.2,0.0,1.0,20.3,48.6,231,51,open-meteo-historical-forecast,,,,,false,,,,,,,,,,,,,,
2026-07-12,Ahmedabad,AMD,23.0225,72.5714,Sunday,true,37.4,27.7,31.9,40.1,32.1,0.0,0.0,0.0,20.8,51.8,226,3,open-meteo-historical-forecast,,,,,false,,,,,,,,,,,,,,
2026-07-13,Ahmedabad,AMD,23.0225,72.5714,Monday,false,37.5,27.7,32.1,40.3,31.6,0.3,0.0,1.0,19.3,50.8,225,51,open-meteo-historical-forecast,,,,,false,,,,,,,,,,,,,,
2026-07-14,Ahmedabad,AMD,23.0225,72.5714,Tuesday,false,36.6,27.4,31.5,39.5,31.2,0.5,0.2,5.0,17.0,43.9,224,51,open-meteo-historical-forecast,,,,,false,,,,,,,,,,,,,,
2026-07-15,Ahmedabad,AMD,23.0225,72.5714,Wednesday,false,35.6,27.8,30.6,40.3,32.6,3.4,2.5,8.0,13.8,45.4,226,80,open-meteo-historical-forecast,,,,,false,,,,,,,,,,,,,,
2026-07-16,Ahmedabad,AMD,23.0225,72.5714,Thursday,false,34.7,27.1,30.7,38.3,31.7,0.8,0.6,5.0,15.4,40.0,211,51,open-meteo-historical-forecast,,,,,false,,,,,,,,,,,,,,
2026-07-17,Ahmedabad,AMD,23.0225,72.5714,Friday,false,36.1,27.8,31.5,40.5,32.9,0.4,0.3,4.0,13.1,32.8,229,51,open-meteo-historical-forecast,,,,,false,,,,,,,,,,,,,,
2026-07-18,Ahmedabad,AMD,23.0225,72.5714,Saturday,true,35.0,28.4,31.0,39.6,33.4,1.4,1.3,8.0,12.8,33.8,227,51,open-meteo-historical-forecast,,,,,false,,,,,,,,,,,,,,
2026-07-19,Ahmedabad,AMD,23.0225,72.5714,Sunday,true,33.8,26.4,29.8,38.3,31.5,2.5,2.5,13.0,13.5,34.6,202,51,open-meteo-historical-forecast,,,,,false,,,,,,,,,,,,,,
2026-07-20,Ahmedabad,AMD,23.0225,72.5714,Monday,false,33.4,26.9,28.9,40.0,32.6,4.7,2.9,10.0,14.1,41.4,202,95,open-meteo-historical-forecast,,,,,false,,,,,,,,,,,,,,
2026-07-21,Ahmedabad,AMD,23.0225,72.5714,Tuesday,false,32.6,26.8,29.0,38.3,32.1,3.6,1.4,7.0,11.2,33.5,226,80,open-meteo-historical-forecast,,,,,false,,,,,,,,,,,,,,
2026-07-22,Ahmedabad,AMD,23.0225,72.5714,Wednesday,false,31.2,26.4,28.5,36.7,31.9,4.8,1.8,10.0,10.8,25.9,241,95,open-meteo-historical-forecast,,,,,false,,,,,,,,,,,,,,
2026-07-23,Ahmedabad,AMD,23.0225,72.5714,Thursday,false,27.4,25.5,26.4,32.9,30.2,78.7,26.1,24.0,15.9,34.6,290,96,open-meteo-historical-forecast,,,,,false,,,,,,,,,,,,,,
2026-07-24,Ahmedabad,AMD,23.0225,72.5714,Friday,false,26.9,24.8,25.8,31.6,28.3,100.7,55.3,24.0,19.6,45.0,244,95,open-meteo-historical-forecast,,,,,false,,,,,,,,,,,,,,
2026-07-25,Ahmedabad,AMD,23.0225,72.5714,Saturday,true,29.4,25.0,26.5,33.8,28.5,30.5,19.2,22.0,21.1,44.3,251,95,open-meteo-historical-forecast,,,,,false,,,,,,,,,,,,,,
2026-07-26,Ahmedabad,AMD,23.0225,72.5714,Sunday,true,31.9,26.0,27.6,38.2,30.3,15.6,5.5,17.0,14.5,38.9,244,96,open-meteo-historical-forecast,,,,,false,,,,,,,,,,,,,,
2026-07-27,Ahmedabad,AMD,23.0225,72.5714,Monday,false,31.1,24.9,27.3,36.6,29.5,26.2,15.4,22.0,14.1,36.4,238,96,open-meteo-historical-forecast,,,,,false,,,,,,,,,,,,,,
2026-07-28,Ahmedabad,AMD,23.0225,72.5714,Tuesday,false,32.7,26.5,29.4,38.4,31.6,0.1,0.0,1.0,13.7,35.3,236,51,open-meteo-historical-forecast,,,,,false,,,,,,,,,,,,,,
2026-07-29,Ahmedabad,AMD,23.0225,72.5714,Wednesday,false,32.2,27.2,29.3,37.3,33.0,0.9,0.7,7.0,9.7,28.4,256,51,open-meteo-historical-forecast,,,,,false,,,,,,,,,,,,,,
2026-07-30,Ahmedabad,AMD,23.0225,72.5714,Thursday,false,32.5,27.2,29.6,38.3,32.8,1.4,1.4,2.0,9.2,23.0,266,80,open-meteo-historical-forecast,,,,,false,,,,,,,,,,,,,,
2026-07-31,Ahmedabad,AMD,23.0225,72.5714,Friday,false,32.5,26.1,28.6,39.3,31.4,35.3,13.2,22.0,16.1,42.1,302,96,open-meteo-historical-forecast,,,,,false,,,,,,,,,,,,,,
2026-07-01,Bengaluru,BLR,12.9716,77.5946,Wednesday,false,25.8,20.5,22.7,25.7,21.5,1.1,1.0,7.0,23.5,56.5,250,51,open-meteo-historical-forecast,,,,,false,,,,,,,,,,,,,,
2026-07-02,Bengaluru,BLR,12.9716,77.5946,Thursday,false,28.9,20.8,24.0,30.3,22.0,1.2,0.7,10.0,24.1,61.6,252,51,open-meteo-historical-forecast,,,,,false,,,,,,,,,,,,,,
2026-07-03,Bengaluru,BLR,12.9716,77.5946,Friday,false,27.7,21.2,23.7,27.4,22.7,2.9,2.4,12.0,25.9,63.7,255,53,open-meteo-historical-forecast,,,,,false,,,,,,,,,,,,,,
2026-07-04,Bengaluru,BLR,12.9716,77.5946,Saturday,true,27.6,20.7,23.3,26.1,21.3,3.9,3.1,16.0,27.9,66.2,255,53,open-meteo-historical-forecast,,,,,false,,,,,,,,,,,,,,
2026-07-05,Bengaluru,BLR,12.9716,77.5946,Sunday,true,28.6,21.1,24.0,27.5,21.2,1.2,0.8,8.0,29.9,75.6,249,51,open-meteo-historical-forecast,,,,,false,,,,,,,,,,,,,,
2026-07-06,Bengaluru,BLR,12.9716,77.5946,Monday,false,29.1,20.7,24.3,28.6,20.8,1.1,0.9,8.0,29.7,73.8,244,51,open-meteo-historical-forecast,,,,,false,,,,,,,,,,,,,,
2026-07-07,Bengaluru,BLR,12.9716,77.5946,Tuesday,false,28.6,21.1,24.1,28.5,21.7,0.9,0.6,9.0,28.8,70.2,250,51,open-meteo-historical-forecast,,,,,false,,,,,,,,,,,,,,
2026-07-08,Bengaluru,BLR,12.9716,77.5946,Wednesday,false,28.6,21.1,24.0,28.6,21.3,2.3,1.2,7.0,25.5,62.6,253,80,open-meteo-historical-forecast,,,,,false,,,,,,,,,,,,,,
2026-07-09,Bengaluru,BLR,12.9716,77.5946,Thursday,false,29.6,21.2,24.6,30.3,22.7,0.8,0.6,5.0,19.8,50.8,257,51,open-meteo-historical-forecast,,,,,false,,,,,,,,,,,,,,
2026-07-10,Bengaluru,BLR,12.9716,77.5946,Friday,false,29.9,21.4,24.3,31.9,23.1,3.3,1.9,12.0,17.2,47.5,257,53,open-meteo-historical-forecast,,,,,false,,,,,,,,,,,,,,
2026-07-11,Bengaluru,BLR,12.9716,77.5946,Saturday,true,30.8,20.4,25.3,30.7,22.1,0.0,0.0,0.0,17.7,46.8,275,3,open-meteo-historical-forecast,,,,,false,,,,,,,,,,,,,,
2026-07-12,Bengaluru,BLR,12.9716,77.5946,Sunday,true,31.8,20.6,25.6,33.5,22.9,0.0,0.0,0.0,17.4,46.8,267,3,open-meteo-historical-forecast,,,,,false,,,,,,,,,,,,,,
2026-07-13,Bengaluru,BLR,12.9716,77.5946,Monday,false,31.8,20.2,25.8,33.0,21.7,0.0,0.0,0.0,18.2,46.4,282,3,open-meteo-historical-forecast,,,,,false,,,,,,,,,,,,,,
2026-07-14,Bengaluru,BLR,12.9716,77.5946,Tuesday,false,32.1,19.9,25.8,33.3,21.8,0.0,0.0,0.0,15.3,40.3,288,3,open-meteo-historical-forecast,,,,,false,,,,,,,,,,,,,,
2026-07-15,Bengaluru,BLR,12.9716,77.5946,Wednesday,false,31.3,19.8,25.4,31.9,21.7,0.0,0.0,0.0,16.0,42.1,268,3,open-meteo-historical-forecast,,,,,false,,,,,,,,,,,,,,
2026-07-16,Bengaluru,BLR,12.9716,77.5946,Thursday,false,30.8,19.9,25.0,31.9,21.0,0.0,0.0,0.0,14.8,41.8,259,3,open-meteo-historical-forecast,,,,,false,,,,,,,,,,,,,,
2026-07-17,Bengaluru,BLR,12.9716,77.5946,Friday,false,27.5,20.9,22.8,29.0,22.7,9.8,4.9,13.0,20.5,49.7,259,81,open-meteo-historical-forecast,,,,,false,,,,,,,,,,,,,,
2026-07-18,Bengaluru,BLR,12.9716,77.5946,Saturday,true,26.6,20.3,22.8,27.6,21.4,6.0,3.0,11.0,17.5,45.0,264,80,open-meteo-historical-forecast,,,,,false,,,,,,,,,,,,,,
2026-07-19,Bengaluru,BLR,12.9716,77.5946,Sunday,true,28.4,20.7,23.7,30.3,22.9,1.0,0.8,3.0,15.3,39.2,262,53,open-meteo-historical-forecast,,,,,false,,,,,,,,,,,,,,
2026-07-20,Bengaluru,BLR,12.9716,77.5946,Monday,false,28.5,20.6,22.9,30.3,22.6,8.3,4.1,8.0,19.5,49.7,261,95,open-meteo-historical-forecast,,,,,false,,,,,,,,,,,,,,
2026-07-21,Bengaluru,BLR,12.9716,77.5946,Tuesday,false,28.9,20.3,24.0,30.7,21.8,0.7,0.4,4.0,19.2,47.2,257,51,open-meteo-historical-forecast,,,,,false,,,,,,,,,,,,,,
2026-07-22,Bengaluru,BLR,12.9716,77.5946,Wednesday,false,26.6,20.1,22.5,27.6,21.8,8.9,4.5,10.0,18.8,49.7,249,81,open-meteo-historical-forecast,,,,,false,,,,,,,,,,,,,,
2026-07-23,Bengaluru,BLR,12.9716,77.5946,Thursday,false,29.2,19.6,24.0,30.8,21.1,1.3,1.2,8.0,19.8,49.0,250,53,open-meteo-historical-forecast,,,,,false,,,,,,,,,,,,,,
2026-07-24,Bengaluru,BLR,12.9716,77.5946,Friday,false,29.5,19.8,24.0,31.7,21.3,8.2,2.5,8.0,21.1,51.8,261,81,open-meteo-historical-forecast,,,,,false,,,,,,,,,,,,,,
2026-07-25,Bengaluru,BLR,12.9716,77.5946,Saturday,true,28.9,20.0,23.4,30.7,21.1,2.9,2.1,6.0,18.2,44.6,256,53,open-meteo-historical-forecast,,,,,false,,,,,,,,,,,,,,
2026-07-26,Bengaluru,BLR,12.9716,77.5946,Sunday,true,27.3,20.3,23.6,28.6,22.1,3.1,1.6,7.0,19.6,49.7,254,80,open-meteo-historical-forecast,,,,,false,,,,,,,,,,,,,,
2026-07-27,Bengaluru,BLR,12.9716,77.5946,Monday,false,28.4,20.7,24.4,29.1,21.8,1.1,0.2,3.0,23.0,55.1,262,53,open-meteo-historical-forecast,,,,,false,,,,,,,,,,,,,,
2026-07-28,Bengaluru,BLR,12.9716,77.5946,Tuesday,false,29.7,21.2,24.5,30.8,22.7,1.9,1.2,8.0,22.7,58.0,258,53,open-meteo-historical-forecast,,,,,false,,,,,,,,,,,,,,
2026-07-29,Bengaluru,BLR,12.9716,77.5946,Wednesday,false,29.3,21.6,24.2,29.6,22.7,2.0,0.8,8.0,24.7,61.2,262,53,open-meteo-historical-forecast,,,,,false,,,,,,,,,,,,,,
2026-07-30,Bengaluru,BLR,12.9716,77.5946,Thursday,false,28.3,21.0,24.0,29.2,21.9,3.1,1.9,9.0,25.0,60.1,258,53,open-meteo-historical-forecast,,,,,false,,,,,,,,,,,,,,
2026-07-31,Bengaluru,BLR,12.9716,77.5946,Friday,false,28.9,21.5,24.4,30.7,22.5,2.6,1.7,12.0,24.6,60.8,254,53,open-meteo-historical-forecast,,,,,false,,,,,,,,,,,,,,
2026-07-01,Mumbai,BOM,19.076,72.8777,Wednesday,false,27.3,25.0,26.6,32.1,29.8,86.6,33.1,24.0,21.4,45.4,247,96,open-meteo-historical-forecast,,,,,false,,,,,,,,,,,,,,
2026-07-02,Mumbai,BOM,19.076,72.8777,Thursday,false,27.6,25.3,26.3,32.5,30.1,55.7,22.9,24.0,19.8,45.4,238,96,open-meteo-historical-forecast,,,,,false,,,,,,,,,,,,,,
2026-07-03,Mumbai,BOM,19.076,72.8777,Friday,false,27.3,25.2,26.2,32.1,29.6,51.8,25.9,24.0,18.8,40.0,267,95,open-meteo-historical-forecast,,,,,false,,,,,,,,,,,,,,
2026-07-04,Mumbai,BOM,19.076,72.8777,Saturday,true,27.3,25.8,26.3,31.5,29.6,78.1,36.4,24.0,19.1,46.1,258,95,open-meteo-historical-forecast,,,,,false,,,,,,,,,,,,,,
2026-07-05,Mumbai,BOM,19.076,72.8777,Sunday,true,27.0,25.9,26.4,30.9,28.7,136.9,63.3,24.0,30.3,68.8,263,95,open-meteo-historical-forecast,,,,,false,,,,,,,,,,,,,,
2026-07-06,Mumbai,BOM,19.076,72.8777,Monday,false,27.6,26.4,27.0,31.1,28.1,131.8,72.2,24.0,34.6,71.6,265,96,open-meteo-historical-forecast,,,,,false,,,,,,,,,,,,,,
2026-07-07,Mumbai,BOM,19.076,72.8777,Tuesday,false,28.1,25.6,27.0,31.8,29.3,55.4,24.3,24.0,26.5,62.6,264,96,open-meteo-historical-forecast,,,,,false,,,,,,,,,,,,,,
2026-07-08,Mumbai,BOM,19.076,72.8777,Wednesday,false,29.2,26.2,27.7,34.2,29.1,25.9,9.6,21.0,27.8,60.1,262,96,open-meteo-historical-forecast,,,,,false,,,,,,,,,,,,,,
2026-07-09,Mumbai,BOM,19.076,72.8777,Thursday,false,29.2,26.8,28.2,33.3,30.9,4.0,1.4,19.0,20.7,47.5,242,95,open-meteo-historical-forecast,,,,,false,,,,,,,,,,,,,,
2026-07-10,Mumbai,BOM,19.076,72.8777,Friday,false,30.2,26.7,28.4,36.0,30.7,3.2,0.6,18.0,18.0,44.6,246,95,open-meteo-historical-forecast,,,,,false,,,,,,,,,,,,,,
2026-07-11,Mumbai,BOM,19.076,72.8777,Saturday,true,29.7,27.2,28.3,34.1,31.8,7.6,1.3,13.0,21.5,52.6,242,95,open-meteo-historical-forecast,,,,,false,,,,,,,,,,,,,,
2026-07-12,Mumbai,BOM,19.076,72.8777,Sunday,true,30.0,27.5,28.5,34.6,31.4,7.6,0.9,16.0,23.2,56.5,227,95,open-meteo-historical-forecast,,,,,false,,,,,,,,,,,,,,
2026-07-13,Mumbai,BOM,19.076,72.8777,Monday,false,30.2,27.6,28.7,35.4,31.4,0.9,0.1,6.0,20.3,50.0,227,51,open-meteo-historical-forecast,,,,,false,,,,,,,,,,,,,,
2026-07-14,Mumbai,BOM,19.076,72.8777,Tuesday,false,30.1,27.3,28.6,35.8,31.1,1.3,0.3,7.0,16.1,41.0,231,51,open-meteo-historical-forecast,,,,,false,,,,,,,,,,,,,,
2026-07-15,Mumbai,BOM,19.076,72.8777,Wednesday,false,29.4,23.6,27.8,34.2,27.6,15.9,7.8,17.0,19.6,48.2,223,95,open-meteo-historical-forecast,,,,,false,,,,,,,,,,,,,,
2026-07-16,Mumbai,BOM,19.076,72.8777,Thursday,false,29.6,25.9,27.6,35.0,30.4,8.7,6.6,24.0,12.5,34.6,222,53,open-meteo-historical-forecast,,,,,false,,,,,,,,,,,,,,
2026-07-17,Mumbai,BOM,19.076,72.8777,Friday,false,30.3,24.8,27.7,34.7,29.6,16.4,7.9,24.0,16.9,41.4,258,95,open-meteo-historical-forecast,,,,,false,,,,,,,,,,,,,,
2026-07-18,Mumbai,BOM,19.076,72.8777,Saturday,true,30.6,25.9,27.4,35.7,31.0,16.2,8.7,22.0,21.8,51.8,256,95,open-meteo-historical-forecast,,,,,false,,,,,,,,,,,,,,
2026-07-19,Mumbai,BOM,19.076,72.8777,Sunday,true,28.6,25.1,26.9,32.9,29.3,33.1,9.9,24.0,18.1,43.2,242,96,open-meteo-historical-forecast,,,,,false,,,,,,,,,,,,,,
2026-07-20,Mumbai,BOM,19.076,72.8777,Monday,false,28.9,25.3,26.7,33.1,29.3,52.9,17.7,24.0,24.0,49.3,241,96,open-meteo-historical-forecast,,,,,false,,,,,,,,,,,,,,
2026-07-21,Mumbai,BOM,19.076,72.8777,Tuesday,false,29.0,24.8,27.2,32.7,28.6,25.2,10.0,23.0,23.7,55.4,242,95,open-meteo-historical-forecast,,,,,false,,,,,,,,,,,,,,
2026-07-22,Mumbai,BOM,19.076,72.8777,Wednesday,false,27.9,25.6,26.7,30.8,28.3,71.0,34.5,24.0,34.0,60.1,236,95,open-meteo-historical-forecast,,,,,false,,,,,,,,,,,,,,
2026-07-23,Mumbai,BOM,19.076,72.8777,Thursday,false,28.1,25.7,26.9,30.7,26.6,107.0,67.7,23.0,33.5,69.8,231,96,open-meteo-historical-forecast,,,,,false,,,,,,,,,,,,,,
2026-07-24,Mumbai,BOM,19.076,72.8777,Friday,false,28.6,25.0,27.2,32.3,27.5,46.0,5.7,24.0,30.1,64.8,237,96,open-meteo-historical-forecast,,,,,false,,,,,,,,,,,,,,
2026-07-25,Mumbai,BOM,19.076,72.8777,Saturday,true,29.6,25.4,27.8,35.5,29.4,20.6,5.3,20.0,24.3,54.7,248,95,open-meteo-historical-forecast,,,,,false,,,,,,,,,,,,,,
2026-07-26,Mumbai,BOM,19.076,72.8777,Sunday,true,29.1,25.3,27.0,34.1,29.3,32.1,13.5,24.0,17.2,43.2,258,95,open-meteo-historical-forecast,,,,,false,,,,,,,,,,,,,,
2026-07-27,Mumbai,BOM,19.076,72.8777,Monday,false,29.0,25.8,26.9,33.9,30.4,42.9,11.3,24.0,18.2,45.7,267,95,open-meteo-historical-forecast,,,,,false,,,,,,,,,,,,,,
2026-07-28,Mumbai,BOM,19.076,72.8777,Tuesday,false,29.6,25.8,27.8,33.9,30.8,9.2,3.8,21.0,21.9,52.9,263,80,open-meteo-historical-forecast,,,,,false,,,,,,,,,,,,,,
2026-07-29,Mumbai,BOM,19.076,72.8777,Wednesday,false,29.5,26.5,27.9,33.7,30.4,10.0,4.0,22.0,25.1,60.8,263,95,open-meteo-historical-forecast,,,,,false,,,,,,,,,,,,,,
2026-07-30,Mumbai,BOM,19.076,72.8777,Thursday,false,28.2,26.4,27.3,32.7,30.5,9.8,5.2,24.0,20.2,48.6,269,55,open-meteo-historical-forecast,,,,,false,,,,,,,,,,,,,,
2026-07-31,Mumbai,BOM,19.076,72.8777,Friday,false,28.4,26.8,27.4,32.5,30.2,14.7,7.8,24.0,23.7,57.6,269,95,open-meteo-historical-forecast,,,,,false,,,,,,,,,,,,,,
2026-07-01,Kolkata,CCU,22.5726,88.3639,Wednesday,false,31.5,25.8,28.8,39.3,31.3,5.0,2.7,15.0,8.6,24.8,155,95,open-meteo-historical-forecast,,,,,false,,,,,,,,,,,,,,
2026-07-02,Kolkata,CCU,22.5726,88.3639,Thursday,false,33.0,25.8,28.8,40.5,31.4,11.5,3.4,10.0,10.6,37.8,128,95,open-meteo-historical-forecast,,,,,false,,,,,,,,,,,,,,
2026-07-03,Kolkata,CCU,22.5726,88.3639,Friday,false,32.8,27.1,29.6,39.9,33.6,4.2,2.1,13.0,13.9,40.7,90,95,open-meteo-historical-forecast,,,,,false,,,,,,,,,,,,,,
2026-07-04,Kolkata,CCU,22.5726,88.3639,Saturday,true,32.2,27.5,29.2,37.1,32.3,7.7,2.6,11.0,20.4,50.4,79,96,open-meteo-historical-forecast,,,,,false,,,,,,,,,,,,,,
2026-07-05,Kolkata,CCU,22.5726,88.3639,Sunday,true,30.6,26.4,28.1,35.9,30.9,13.1,7.1,23.0,16.7,40.7,101,95,open-meteo-historical-forecast,,,,,false,,,,,,,,,,,,,,
2026-07-06,Kolkata,CCU,22.5726,88.3639,Monday,false,30.4,25.7,27.7,35.8,30.7,15.7,9.6,24.0,16.2,40.7,161,95,open-meteo-historical-forecast,,,,,false,,,,,,,,,,,,,,
2026-07-07,Kolkata,CCU,22.5726,88.3639,Tuesday,false,29.5,25.1,28.0,36.2,30.5,30.4,7.9,15.0,17.0,45.4,186,96,open-meteo-historical-forecast,,,,,false,,,,,,,,,,,,,,
2026-07-08,Kolkata,CCU,22.5726,88.3639,Wednesday,false,32.7,27.5,29.5,38.3,32.4,9.7,4.2,16.0,14.8,40.0,196,96,open-meteo-historical-forecast,,,,,false,,,,,,,,,,,,,,
2026-07-09,Kolkata,CCU,22.5726,88.3639,Thursday,false,29.2,26.3,28.0,35.5,31.8,40.9,12.3,17.0,17.4,45.7,198,96,open-meteo-historical-forecast,,,,,false,,,,,,,,,,,,,,
2026-07-10,Kolkata,CCU,22.5726,88.3639,Friday,false,29.8,26.1,27.4,36.5,31.6,41.1,18.6,22.0,15.4,31.0,234,96,open-meteo-historical-forecast,,,,,false,,,,,,,,,,,,,,
2026-07-11,Kolkata,CCU,22.5726,88.3639,Saturday,true,32.6,26.5,28.8,39.5,31.8,38.9,13.6,22.0,14.0,39.6,244,96,open-meteo-historical-forecast,,,,,false,,,,,,,,,,,,,,
2026-07-12,Kolkata,CCU,22.5726,88.3639,Sunday,true,31.7,26.8,29.0,38.9,32.7,4.6,3.3,15.0,10.8,25.2,215,95,open-meteo-historical-forecast,,,,,false,,,,,,,,,,,,,,
2026-07-13,Kolkata,CCU,22.5726,88.3639,Monday,false,32.5,26.1,28.8,39.9,32.9,22.2,9.1,21.0,9.6,25.6,262,96,open-meteo-historical-forecast,,,,,false,,,,,,,,,,,,,,
2026-07-14,Kolkata,CCU,22.5726,88.3639,Tuesday,false,32.5,26.3,28.7,40.9,32.7,7.8,3.6,15.0,8.3,27.4,54,95,open-meteo-historical-forecast,,,,,false,,,,,,,,,,,,,,
2026-07-15,Kolkata,CCU,22.5726,88.3639,Wednesday,false,32.5,26.9,29.4,39.8,33.5,2.0,1.2,10.0,13.3,38.2,74,53,open-meteo-historical-forecast,,,,,false,,,,,,,,,,,,,,
2026-07-16,Kolkata,CCU,22.5726,88.3639,Thursday,false,31.3,26.8,28.9,37.5,32.2,6.2,2.8,13.0,13.6,35.3,106,95,open-meteo-historical-forecast,,,,,false,,,,,,,,,,,,,,
2026-07-17,Kolkata,CCU,22.5726,88.3639,Friday,false,31.0,27.0,28.9,37.1,32.4,7.1,1.4,14.0,14.5,32.8,168,96,open-meteo-historical-forecast,,,,,false,,,,,,,,,,,,,,
2026-07-18,Kolkata,CCU,22.5726,88.3639,Saturday,true,32.3,26.3,29.2,39.5,32.2,11.5,4.9,13.0,16.5,38.9,164,95,open-meteo-historical-forecast,,,,,false,,,,,,,,,,,,,,
2026-07-19,Kolkata,CCU,22.5726,88.3639,Sunday,true,31.2,25.9,28.7,37.6,31.7,17.3,5.3,19.0,12.4,32.4,166,96,open-meteo-historical-forecast,,,,,false,,,,,,,,,,,,,,
2026-07-20,Kolkata,CCU,22.5726,88.3639,Monday,false,31.2,26.8,27.9,37.4,32.8,11.0,6.4,19.0,12.7,30.6,129,95,open-meteo-historical-forecast,,,,,false,,,,,,,,,,,,,,
2026-07-21,Kolkata,CCU,22.5726,88.3639,Tuesday,false,28.8,25.2,26.9,35.3,30.1,22.8,10.8,21.0,12.1,29.5,119,95,open-meteo-historical-forecast,,,,,false,,,,,,,,,,,,,,
2026-07-22,Kolkata,CCU,22.5726,88.3639,Wednesday,false,28.4,24.9,26.4,33.3,30.1,28.0,10.8,21.0,13.0,36.0,165,95,open-meteo-historical-forecast,,,,,false,,,,,,,,,,,,,,
2026-07-23,Kolkata,CCU,22.5726,88.3639,Thursday,false,28.7,24.5,26.6,35.5,29.4,21.4,8.7,21.0,16.5,39.2,195,95,open-meteo-historical-forecast,,,,,false,,,,,,,,,,,,,,
2026-07-24,Kolkata,CCU,22.5726,88.3639,Friday,false,30.2,25.0,26.9,36.8,29.8,56.2,15.1,22.0,13.0,28.4,224,96,open-meteo-historical-forecast,,,,,false,,,,,,,,,,,,,,
2026-07-25,Kolkata,CCU,22.5726,88.3639,Saturday,true,31.0,25.8,28.2,37.1,31.6,9.3,3.2,14.0,13.5,41.4,89,96,open-meteo-historical-forecast,,,,,false,,,,,,,,,,,,,,
2026-07-26,Kolkata,CCU,22.5726,88.3639,Sunday,true,31.7,25.9,28.4,38.1,31.0,4.9,2.9,15.0,17.0,48.6,68,95,open-meteo-historical-forecast,,,,,false,,,,,,,,,,,,,,
2026-07-27,Kolkata,CCU,22.5726,88.3639,Monday,false,30.6,25.2,27.1,36.0,29.3,43.0,9.5,23.0,19.5,51.5,62,96,open-meteo-historical-forecast,,,,,false,,,,,,,,,,,,,,
2026-07-28,Kolkata,CCU,22.5726,88.3639,Tuesday,false,30.3,26.0,27.9,35.2,29.8,8.8,5.1,19.0,21.7,54.0,126,80,open-meteo-historical-forecast,,,,,false,,,,,,,,,,,,,,
2026-07-29,Kolkata,CCU,22.5726,88.3639,Wednesday,false,30.9,25.8,27.9,37.6,30.7,12.7,3.3,14.0,13.4,35.6,135,96,open-meteo-historical-forecast,,,,,false,,,,,,,,,,,,,,
2026-07-30,Kolkata,CCU,22.5726,88.3639,Thursday,false,30.1,25.8,27.9,35.4,30.8,8.8,4.8,18.0,18.1,41.8,148,95,open-meteo-historical-forecast,,,,,false,,,,,,,,,,,,,,
2026-07-31,Kolkata,CCU,22.5726,88.3639,Friday,false,31.7,26.5,28.6,38.2,31.9,8.9,2.7,9.0,14.1,34.9,156,96,open-meteo-historical-forecast,,,,,false,,,,,,,,,,,,,,
2026-07-01,Kochi,COK,9.9312,76.2673,Wednesday,false,28.1,24.4,26.0,33.7,29.2,4.1,2.8,16.0,13.8,35.6,331,53,open-meteo-historical-forecast,,,,,false,,,,,,,,,,,,,,
2026-07-02,Kochi,COK,9.9312,76.2673,Thursday,false,29.3,25.2,26.5,36.2,29.6,11.9,3.6,17.0,16.5,43.2,313,95,open-meteo-historical-forecast,,,,,false,,,,,,,,,,,,,,
2026-07-03,Kochi,COK,9.9312,76.2673,Friday,false,28.5,24.4,25.9,32.7,29.3,42.4,12.0,24.0,21.2,46.1,290,95,open-meteo-historical-forecast,,,,,false,,,,,,,,,,,,,,
2026-07-04,Kochi,COK,9.9312,76.2673,Saturday,true,28.5,25.3,26.3,33.6,28.9,18.7,6.9,22.0,20.1,44.6,293,80,open-meteo-historical-forecast,,,,,false,,,,,,,,,,,,,,
2026-07-05,Kochi,COK,9.9312,76.2673,Sunday,true,29.8,25.1,27.5,34.3,30.7,3.3,0.9,13.0,17.6,41.4,260,55,open-meteo-historical-forecast,,,,,false,,,,,,,,,,,,,,
2026-07-06,Kochi,COK,9.9312,76.2673,Monday,false,30.0,27.0,28.4,35.2,30.9,0.6,0.3,6.0,17.3,39.2,257,51,open-meteo-historical-forecast,,,,,false,,,,,,,,,,,,,,
2026-07-07,Kochi,COK,9.9312,76.2673,Tuesday,false,30.4,25.7,28.0,35.8,31.4,2.8,0.8,13.0,15.6,43.2,252,53,open-meteo-historical-forecast,,,,,false,,,,,,,,,,,,,,
2026-07-08,Kochi,COK,9.9312,76.2673,Wednesday,false,29.5,24.2,26.4,37.8,28.6,31.0,8.8,20.0,15.1,40.3,326,95,open-meteo-historical-forecast,,,,,false,,,,,,,,,,,,,,
2026-07-09,Kochi,COK,9.9312,76.2673,Thursday,false,29.2,24.3,27.1,34.2,29.3,27.1,8.9,20.0,20.9,44.6,325,95,open-meteo-historical-forecast,,,,,false,,,,,,,,,,,,,,
2026-07-10,Kochi,COK,9.9312,76.2673,Friday,false,28.4,25.2,26.6,35.2,30.2,17.6,7.6,24.0,12.0,32.0,319,80,open-meteo-historical-forecast,,,,,false,,,,,,,,,,,,,,
2026-07-11,Kochi,COK,9.9312,76.2673,Saturday,true,28.9,24.8,27.2,34.4,29.3,9.7,3.8,16.0,15.1,36.7,315,81,open-meteo-historical-forecast,,,,,false,,,,,,,,,,,,,,
2026-07-12,Kochi,COK,9.9312,76.2673,Sunday,true,29.5,26.3,27.9,34.7,31.2,3.4,1.2,16.0,20.0,42.1,305,53,open-meteo-historical-forecast,,,,,false,,,,,,,,,,,,,,
2026-07-13,Kochi,COK,9.9312,76.2673,Monday,false,29.6,26.6,28.2,35.2,31.6,1.1,0.4,6.0,20.5,42.1,307,51,open-meteo-historical-forecast,,,,,false,,,,,,,,,,,,,,
2026-07-14,Kochi,COK,9.9312,76.2673,Tuesday,false,29.9,26.8,28.2,35.7,32.1,0.5,0.2,5.0,19.4,42.1,317,51,open-meteo-historical-forecast,,,,,false,,,,,,,,,,,,,,
2026-07-15,Kochi,COK,9.9312,76.2673,Wednesday,false,29.5,26.6,28.0,34.8,32.1,1.3,0.5,8.0,17.0,37.8,309,51,open-meteo-historical-forecast,,,,,false,,,,,,,,,,,,,,
2026-07-16,Kochi,COK,9.9312,76.2673,Thursday,false,29.1,26.4,27.8,35.2,31.4,0.8,0.4,6.0,13.0,28.4,294,51,open-meteo-historical-forecast,,,,,false,,,,,,,,,,,,,,
2026-07-17,Kochi,COK,9.9312,76.2673,Friday,false,28.5,25.6,26.9,33.7,29.7,4.5,2.5,11.0,11.9,29.9,306,80,open-meteo-historical-forecast,,,,,false,,,,,,,,,,,,,,
2026-07-18,Kochi,COK,9.9312,76.2673,Saturday,true,29.1,23.7,26.6,35.0,28.7,4.9,3.2,13.0,10.9,29.9,311,53,open-meteo-historical-forecast,,,,,false,,,,,,,,,,,,,,
2026-07-19,Kochi,COK,9.9312,76.2673,Sunday,true,28.8,24.7,26.6,34.6,29.9,5.3,1.5,9.0,14.5,32.0,302,80,open-meteo-historical-forecast,,,,,false,,,,,,,,,,,,,,
2026-07-20,Kochi,COK,9.9312,76.2673,Monday,false,28.1,24.0,26.1,33.4,28.6,9.0,1.4,11.0,10.3,27.4,1,80,open-meteo-historical-forecast,,,,,false,,,,,,,,,,,,,,
2026-07-21,Kochi,COK,9.9312,76.2673,Tuesday,false,29.7,26.0,27.7,36.4,31.9,0.6,0.1,6.0,10.6,26.3,293,51,open-meteo-historical-forecast,,,,,false,,,,,,,,,,,,,,
2026-07-22,Kochi,COK,9.9312,76.2673,Wednesday,false,29.9,24.3,27.2,36.3,29.2,1.0,0.5,6.0,11.5,27.7,320,51,open-meteo-historical-forecast,,,,,false,,,,,,,,,,,,,,
2026-07-23,Kochi,COK,9.9312,76.2673,Thursday,false,29.8,25.3,27.4,36.8,30.8,2.7,1.9,8.0,10.7,26.3,289,55,open-meteo-historical-forecast,,,,,false,,,,,,,,,,,,,,
2026-07-24,Kochi,COK,9.9312,76.2673,Friday,false,29.5,25.0,27.4,36.4,30.5,1.8,1.0,5.0,10.6,31.3,314,53,open-meteo-historical-forecast,,,,,false,,,,,,,,,,,,,,
2026-07-25,Kochi,COK,9.9312,76.2673,Saturday,true,29.8,25.9,27.9,36.7,31.4,0.5,0.1,5.0,12.7,30.2,312,51,open-meteo-historical-forecast,,,,,false,,,,,,,,,,,,,,
2026-07-26,Kochi,COK,9.9312,76.2673,Sunday,true,30.0,26.3,27.7,36.2,31.2,3.8,0.9,15.0,19.5,41.4,317,53,open-meteo-historical-forecast,,,,,false,,,,,,,,,,,,,,
2026-07-27,Kochi,COK,9.9312,76.2673,Monday,false,30.3,25.5,27.6,36.3,30.3,5.6,2.7,20.0,17.1,39.6,305,95,open-meteo-historical-forecast,,,,,false,,,,,,,,,,,,,,
2026-07-28,Kochi,COK,9.9312,76.2673,Tuesday,false,29.8,24.9,26.9,36.0,29.9,18.4,8.5,21.0,14.5,33.5,301,81,open-meteo-historical-forecast,,,,,false,,,,,,,,,,,,,,
2026-07-29,Kochi,COK,9.9312,76.2673,Wednesday,false,30.3,25.2,28.1,35.2,30.4,14.5,5.0,19.0,22.9,49.7,282,95,open-meteo-historical-forecast,,,,,false,,,,,,,,,,,,,,
2026-07-30,Kochi,COK,9.9312,76.2673,Thursday,false,30.2,24.9,27.6,35.8,29.6,16.2,7.5,16.0,22.4,46.4,295,95,open-meteo-historical-forecast,,,,,false,,,,,,,,,,,,,,
2026-07-31,Kochi,COK,9.9312,76.2673,Friday,false,28.7,23.6,26.2,35.6,28.0,49.7,19.3,22.0,18.9,41.8,328,95,open-meteo-historical-forecast,,,,,false,,,,,,,,,,,,,,
2026-07-01,Delhi,DEL,28.7041,77.1025,Wednesday,false,33.8,28.2,31.1,38.3,33.2,10.7,2.2,7.0,12.7,32.0,117,96,open-meteo-historical-forecast,,,,,false,,,,,,,,,,,,,,
2026-07-02,Delhi,DEL,28.7041,77.1025,Thursday,false,32.7,26.2,29.2,37.2,31.9,15.1,7.8,6.0,9.6,22.0,31,96,open-meteo-historical-forecast,,,,,false,,,,,,,,,,,,,,
2026-07-03,Delhi,DEL,28.7041,77.1025,Friday,false,36.5,27.6,32.1,41.6,33.6,0.0,0.0,0.0,10.0,25.6,131,3,open-meteo-historical-forecast,,,,,false,,,,,,,,,,,,,,
2026-07-04,Delhi,DEL,28.7041,77.1025,Saturday,true,35.3,30.5,32.4,40.9,36.6,1.3,0.8,5.0,8.7,23.8,57,53,open-meteo-historical-forecast,,,,,false,,,,,,,,,,,,,,
2026-07-05,Delhi,DEL,28.7041,77.1025,Sunday,true,36.0,29.3,31.7,41.9,36.2,2.2,1.0,5.0,8.8,27.4,82,95,open-meteo-historical-forecast,,,,,false,,,,,,,,,,,,,,
2026-07-06,Delhi,DEL,28.7041,77.1025,Monday,false,36.1,26.4,31.8,43.5,33.1,2.6,1.8,7.0,8.3,21.2,111,53,open-meteo-historical-forecast,,,,,false,,,,,,,,,,,,,,
2026-07-07,Delhi,DEL,28.7041,77.1025,Tuesday,false,33.6,26.7,29.7,40.3,32.6,7.0,6.5,7.0,10.3,27.7,94,81,open-meteo-historical-forecast,,,,,false,,,,,,,,,,,,,,
2026-07-08,Delhi,DEL,28.7041,77.1025,Wednesday,false,29.5,26.1,27.4,35.2,31.3,17.8,10.3,10.0,12.0,25.9,39,96,open-meteo-historical-forecast,,,,,false,,,,,,,,,,,,,,
2026-07-09,Delhi,DEL,28.7041,77.1025,Thursday,false,29.3,25.3,26.6,34.1,29.6,58.2,39.8,14.0,14.8,34.6,353,95,open-meteo-historical-forecast,,,,,false,,,,,,,,,,,,,,
2026-07-10,Delhi,DEL,28.7041,77.1025,Friday,false,33.5,25.3,29.4,39.5,30.5,0.8,0.8,3.0,10.9,38.2,330,53,open-meteo-historical-forecast,,,,,false,,,,,,,,,,,,,,
2026-07-11,Delhi,DEL,28.7041,77.1025,Saturday,true,34.6,26.8,31.1,41.3,33.5,1.7,1.6,3.0,12.8,31.0,270,55,open-meteo-historical-forecast,,,,,false,,,,,,,,,,,,,,
2026-07-12,Delhi,DEL,28.7041,77.1025,Sunday,true,35.4,29.2,32.2,41.9,34.5,1.2,1.0,6.0,13.2,30.2,262,51,open-meteo-historical-forecast,,,,,false,,,,,,,,,,,,,,
2026-07-13,Delhi,DEL,28.7041,77.1025,Monday,false,36.2,28.8,32.5,41.8,33.3,0.1,0.1,1.0,12.0,25.2,271,51,open-meteo-historical-forecast,,,,,false,,,,,,,,,,,,,,
2026-07-14,Delhi,DEL,28.7041,77.1025,Tuesday,false,36.4,25.6,30.9,41.8,30.8,0.7,0.7,3.0,17.1,34.6,243,51,open-meteo-historical-forecast,,,,,false,,,,,,,,,,,,,,
2026-07-15,Delhi,DEL,28.7041,77.1025,Wednesday,false,36.6,26.5,31.8,41.2,31.1,2.8,2.2,3.0,13.9,28.1,260,80,open-meteo-historical-forecast,,,,,false,,,,,,,,,,,,,,
2026-07-16,Delhi,DEL,28.7041,77.1025,Thursday,false,37.1,29.7,33.4,41.5,33.2,0.0,0.0,0.0,13.3,32.8,284,3,open-meteo-historical-forecast,,,,,false,,,,,,,,,,,,,,
2026-07-17,Delhi,DEL,28.7041,77.1025,Friday,false,37.2,30.4,33.7,41.4,36.1,0.2,0.2,2.0,13.2,31.3,290,51,open-meteo-historical-forecast,,,,,false,,,,,,,,,,,,,,
2026-07-18,Delhi,DEL,28.7041,77.1025,Saturday,true,36.6,30.6,33.4,40.2,34.0,0.0,0.0,0.0,14.6,33.8,265,3,open-meteo-historical-forecast,,,,,false,,,,,,,,,,,,,,
2026-07-19,Delhi,DEL,28.7041,77.1025,Sunday,true,36.5,30.7,33.1,41.6,36.7,1.2,0.8,5.0,11.3,30.6,251,95,open-meteo-historical-forecast,,,,,false,,,,,,,,,,,,,,
2026-07-20,Delhi,DEL,28.7041,77.1025,Monday,false,33.8,26.4,29.3,42.0,32.7,23.3,9.5,20.0,11.2,27.7,159,96,open-meteo-historical-forecast,,,,,false,,,,,,,,,,,,,,
2026-07-21,Delhi,DEL,28.7041,77.1025,Tuesday,false,29.7,25.6,27.6,35.8,31.0,15.8,7.1,21.0,11.8,29.9,86,96,open-meteo-historical-forecast,,,,,false,,,,,,,,,,,,,,
2026-07-22,Delhi,DEL,28.7041,77.1025,Wednesday,false,32.4,26.0,28.8,38.5,31.0,4.2,2.0,15.0,15.2,36.7,104,95,open-meteo-historical-forecast,,,,,false,,,,,,,,,,,,,,
2026-07-23,Delhi,DEL,28.7041,77.1025,Thursday,false,32.9,26.6,29.4,38.3,32.0,5.5,4.3,15.0,15.2,38.5,105,95,open-meteo-historical-forecast,,,,,false,,,,,,,,,,,,,,
2026-07-24,Delhi,DEL,28.7041,77.1025,Friday,false,31.3,25.9,28.8,37.1,30.6,7.4,2.3,9.0,16.2,37.8,103,96,open-meteo-historical-forecast,,,,,false,,,,,,,,,,,,,,
2026-07-25,Delhi,DEL,28.7041,77.1025,Saturday,true,33.2,27.2,29.6,38.1,32.8,2.9,1.8,11.0,13.4,32.8,112,95,open-meteo-historical-forecast,,,,,false,,,,,,,,,,,,,,
2026-07-26,Delhi,DEL,28.7041,77.1025,Sunday,true,34.6,27.4,30.8,40.9,33.6,2.3,1.5,12.0,11.2,22.0,100,96,open-meteo-historical-forecast,,,,,false,,,,,,,,,,,,,,
2026-07-27,Delhi,DEL,28.7041,77.1025,Monday,false,35.4,29.0,31.8,41.9,36.0,4.1,1.3,6.0,11.9,28.4,178,95,open-meteo-historical-forecast,,,,,false,,,,,,,,,,,,,,
2026-07-28,Delhi,DEL,28.7041,77.1025,Tuesday,false,30.7,27.0,28.4,37.3,32.8,15.5,11.9,17.0,16.4,34.9,137,96,open-meteo-historical-forecast,,,,,false,,,,,,,,,,,,,,
2026-07-29,Delhi,DEL,28.7041,77.1025,Wednesday,false,33.4,26.6,29.7,40.9,33.1,4.5,2.8,11.0,6.7,18.0,100,95,open-meteo-historical-forecast,,,,,false,,,,,,,,,,,,,,
2026-07-30,Delhi,DEL,28.7041,77.1025,Thursday,false,33.4,26.2,29.8,40.4,31.9,9.0,4.1,13.0,14.6,31.3,107,96,open-meteo-historical-forecast,,,,,false,,,,,,,,,,,,,,
2026-07-31,Delhi,DEL,28.7041,77.1025,Friday,false,32.6,28.3,29.9,38.6,33.6,1.4,0.8,7.0,14.2,36.4,95,95,open-meteo-historical-forecast,,,,,false,,,,,,,,,,,,,,
2026-07-01,Hyderabad,HYD,17.385,78.4867,Wednesday,false,29.1,23.7,25.9,31.1,25.9,4.0,4.0,12.0,19.0,47.2,261,53,open-meteo-historical-forecast,,,,,false,,,,,,,,,,,,,,
2026-07-02,Hyderabad,HYD,17.385,78.4867,Thursday,false,28.6,23.5,25.6,30.1,25.7,6.9,6.5,17.0,19.9,50.4,269,80,open-meteo-historical-forecast,,,,,false,,,,,,,,,,,,,,
2026-07-03,Hyderabad,HYD,17.385,78.4867,Friday,false,28.3,23.5,25.3,29.2,25.6,7.1,6.2,20.0,25.4,63.0,262,55,open-meteo-historical-forecast,,,,,false,,,,,,,,,,,,,,
2026-07-04,Hyderabad,HYD,17.385,78.4867,Saturday,true,25.2,22.8,24.0,27.6,24.3,10.7,7.9,22.0,22.8,59.0,263,55,open-meteo-historical-forecast,,,,,false,,,,,,,,,,,,,,
2026-07-05,Hyderabad,HYD,17.385,78.4867,Sunday,true,27.9,23.2,25.4,29.9,24.6,4.5,1.4,11.0,24.4,60.1,255,80,open-meteo-historical-forecast,,,,,false,,,,,,,,,,,,,,
2026-07-06,Hyderabad,HYD,17.385,78.4867,Monday,false,31.1,23.7,26.6,32.2,25.4,1.8,1.8,8.0,23.2,58.3,245,53,open-meteo-historical-forecast,,,,,false,,,,,,,,,,,,,,
2026-07-07,Hyderabad,HYD,17.385,78.4867,Tuesday,false,31.6,24.6,27.1,33.2,26.0,2.2,1.7,12.0,24.5,62.3,241,53,open-meteo-historical-forecast,,,,,false,,,,,,,,,,,,,,
2026-07-08,Hyderabad,HYD,17.385,78.4867,Wednesday,false,32.4,24.4,27.6,34.6,26.0,0.8,0.7,4.0,25.7,62.6,246,51,open-meteo-historical-forecast,,,,,false,,,,,,,,,,,,,,
2026-07-09,Hyderabad,HYD,17.385,78.4867,Thursday,false,31.6,24.1,27.2,34.1,26.4,0.6,0.4,5.0,19.3,47.5,260,51,open-meteo-historical-forecast,,,,,false,,,,,,,,,,,,,,
2026-07-10,Hyderabad,HYD,17.385,78.4867,Friday,false,32.7,24.5,28.8,33.8,26.7,0.0,0.0,0.0,18.1,44.3,274,3,open-meteo-historical-forecast,,,,,false,,,,,,,,,,,,,,
2026-07-11,Hyderabad,HYD,17.385,78.4867,Saturday,true,33.3,25.2,29.4,35.0,27.2,0.8,0.2,1.0,19.2,47.9,278,53,open-meteo-historical-forecast,,,,,false,,,,,,,,,,,,,,
2026-07-12,Hyderabad,HYD,17.385,78.4867,Sunday,true,33.2,24.8,29.4,33.6,26.4,0.0,0.0,0.0,20.1,50.0,274,3,open-meteo-historical-forecast,,,,,false,,,,,,,,,,,,,,
2026-07-13,Hyderabad,HYD,17.385,78.4867,Monday,false,33.9,24.4,29.7,36.3,26.3,0.9,0.0,2.0,18.3,46.4,274,53,open-meteo-historical-forecast,,,,,false,,,,,,,,,,,,,,
2026-07-14,Hyderabad,HYD,17.385,78.4867,Tuesday,false,32.8,24.9,29.5,34.0,26.2,0.0,0.0,0.0,18.2,47.5,295,3,open-meteo-historical-forecast,,,,,false,,,,,,,,,,,,,,
2026-07-15,Hyderabad,HYD,17.385,78.4867,Wednesday,false,32.9,25.7,29.0,34.5,26.9,0.7,0.4,3.0,15.9,46.1,281,53,open-meteo-historical-forecast,,,,,false,,,,,,,,,,,,,,
2026-07-16,Hyderabad,HYD,17.385,78.4867,Thursday,false,32.6,25.4,28.4,35.1,27.5,1.0,0.7,4.0,19.0,47.9,283,53,open-meteo-historical-forecast,,,,,false,,,,,,,,,,,,,,
2026-07-17,Hyderabad,HYD,17.385,78.4867,Friday,false,29.3,23.3,25.5,31.5,26.1,13.6,7.4,19.0,13.1,35.3,273,95,open-meteo-historical-forecast,,,,,false,,,,,,,,,,,,,,
2026-07-18,Hyderabad,HYD,17.385,78.4867,Saturday,true,28.6,23.2,25.7,30.4,25.9,8.2,4.3,14.0,16.8,42.5,284,80,open-meteo-historical-forecast,,,,,false,,,,,,,,,,,,,,
2026-07-19,Hyderabad,HYD,17.385,78.4867,Sunday,true,30.6,23.7,26.1,33.6,26.0,2.4,1.2,8.0,15.7,42.1,270,95,open-meteo-historical-forecast,,,,,false,,,,,,,,,,,,,,
2026-07-20,Hyderabad,HYD,17.385,78.4867,Monday,false,29.8,22.9,25.6,32.8,25.3,5.0,2.9,15.0,18.3,44.3,270,55,open-meteo-historical-forecast,,,,,false,,,,,,,,,,,,,,
2026-07-21,Hyderabad,HYD,17.385,78.4867,Tuesday,false,26.7,22.8,24.2,30.4,24.7,13.9,10.5,22.0,18.4,39.2,264,81,open-meteo-historical-forecast,,,,,false,,,,,,,,,,,,,,
2026-07-22,Hyderabad,HYD,17.385,78.4867,Wednesday,false,26.3,22.5,24.0,28.3,24.0,12.3,9.7,21.0,19.6,47.2,251,80,open-meteo-historical-forecast,,,,,false,,,,,,,,,,,,,,
2026-07-23,Hyderabad,HYD,17.385,78.4867,Thursday,false,28.6,22.7,25.3,30.4,24.6,1.2,0.1,3.0,24.2,60.1,243,53,open-meteo-historical-forecast,,,,,false,,,,,,,,,,,,,,
2026-07-24,Hyderabad,HYD,17.385,78.4867,Friday,false,29.2,23.7,26.2,31.2,24.9,0.2,0.2,2.0,25.3,65.5,249,51,open-meteo-historical-forecast,,,,,false,,,,,,,,,,,,,,
2026-07-25,Hyderabad,HYD,17.385,78.4867,Saturday,true,29.7,23.1,26.3,31.8,24.9,0.0,0.0,0.0,19.3,47.5,259,3,open-meteo-historical-forecast,,,,,false,,,,,,,,,,,,,,
2026-07-26,Hyderabad,HYD,17.385,78.4867,Sunday,true,30.0,23.8,26.4,33.8,25.7,6.2,2.1,11.0,19.1,47.5,277,95,open-meteo-historical-forecast,,,,,false,,,,,,,,,,,,,,
2026-07-27,Hyderabad,HYD,17.385,78.4867,Monday,false,29.0,23.0,25.4,32.7,25.2,16.5,11.3,15.0,18.4,40.7,269,95,open-meteo-historical-forecast,,,,,false,,,,,,,,,,,,,,
2026-07-28,Hyderabad,HYD,17.385,78.4867,Tuesday,false,30.3,23.2,25.7,33.9,25.9,8.0,5.3,19.0,20.2,50.0,267,95,open-meteo-historical-forecast,,,,,false,,,,,,,,,,,,,,
2026-07-29,Hyderabad,HYD,17.385,78.4867,Wednesday,false,25.5,22.7,23.8,28.3,24.7,24.9,23.9,24.0,20.2,43.9,268,80,open-meteo-historical-forecast,,,,,false,,,,,,,,,,,,,,
2026-07-30,Hyderabad,HYD,17.385,78.4867,Thursday,false,25.0,23.3,24.0,27.5,24.8,15.1,10.9,22.0,24.3,52.6,263,81,open-meteo-historical-forecast,,,,,false,,,,,,,,,,,,,,
2026-07-31,Hyderabad,HYD,17.385,78.4867,Friday,false,29.4,23.3,25.9,31.6,25.0,2.7,2.5,12.0,24.2,64.1,245,51,open-meteo-historical-forecast,,,,,false,,,,,,,,,,,,,,
2026-07-01,Indore,IDR,22.7196,75.8577,Wednesday,false,31.8,24.2,26.8,38.9,28.1,6.5,3.8,10.0,11.6,30.2,262,80,open-meteo-historical-forecast,,,,,false,,,,,,,,,,,,,,
2026-07-02,Indore,IDR,22.7196,75.8577,Thursday,false,29.7,23.8,25.6,35.4,27.6,24.0,9.8,15.0,15.5,42.8,261,96,open-meteo-historical-forecast,,,,,false,,,,,,,,,,,,,,
2026-07-03,Indore,IDR,22.7196,75.8577,Friday,false,28.7,23.7,25.3,33.1,27.2,10.9,5.3,19.0,13.2,33.1,284,80,open-meteo-historical-forecast,,,,,false,,,,,,,,,,,,,,
2026-07-04,Indore,IDR,22.7196,75.8577,Saturday,true,30.3,23.1,25.4,35.9,26.5,20.0,7.0,24.0,14.3,31.3,306,95,open-meteo-historical-forecast,,,,,false,,,,,,,,,,,,,,
2026-07-05,Indore,IDR,22.7196,75.8577,Sunday,true,30.4,23.6,26.5,36.8,27.8,10.3,2.5,15.0,10.1,27.0,257,96,open-meteo-historical-forecast,,,,,false,,,,,,,,,,,,,,
2026-07-06,Indore,IDR,22.7196,75.8577,Monday,false,30.4,24.2,27.1,35.8,28.6,6.3,3.1,11.0,10.3,31.7,80,80,open-meteo-historical-forecast,,,,,false,,,,,,,,,,,,,,
2026-07-07,Indore,IDR,22.7196,75.8577,Tuesday,false,30.0,24.1,26.0,34.2,28.8,17.4,7.1,18.0,9.5,28.1,353,96,open-meteo-historical-forecast,,,,,false,,,,,,,,,,,,,,
2026-07-08,Indore,IDR,22.7196,75.8577,Wednesday,false,28.1,23.2,25.3,31.8,25.2,17.9,10.7,19.0,20.3,46.8,273,95,open-meteo-historical-forecast,,,,,false,,,,,,,,,,,,,,
2026-07-09,Indore,IDR,22.7196,75.8577,Thursday,false,29.7,23.4,26.4,31.5,25.9,3.7,3.0,8.0,19.6,49.0,256,55,open-meteo-historical-forecast,,,,,false,,,,,,,,,,,,,,
2026-07-10,Indore,IDR,22.7196,75.8577,Friday,false,31.0,24.1,27.0,32.7,27.1,0.7,0.3,7.0,22.7,57.2,257,51,open-meteo-historical-forecast,,,,,false,,,,,,,,,,,,,,
2026-07-11,Indore,IDR,22.7196,75.8577,Saturday,true,30.1,23.6,26.7,31.9,25.7,0.5,0.1,4.0,23.6,61.2,256,51,open-meteo-historical-forecast,,,,,false,,,,,,,,,,,,,,
2026-07-12,Indore,IDR,22.7196,75.8577,Sunday,true,31.0,23.7,26.9,32.5,25.8,0.4,0.3,4.0,22.9,54.0,257,51,open-meteo-historical-forecast,,,,,false,,,,,,,,,,,,,,
2026-07-13,Indore,IDR,22.7196,75.8577,Monday,false,32.0,23.9,27.4,34.6,26.6,0.0,0.0,0.0,22.4,52.6,261,3,open-meteo-historical-forecast,,,,,false,,,,,,,,,,,,,,
2026-07-14,Indore,IDR,22.7196,75.8577,Tuesday,false,31.1,23.8,27.1,32.9,26.1,0.1,0.1,1.0,22.0,52.2,266,51,open-meteo-historical-forecast,,,,,false,,,,,,,,,,,,,,
2026-07-15,Indore,IDR,22.7196,75.8577,Wednesday,false,31.6,23.8,27.7,35.4,26.6,0.9,0.6,8.0,15.9,38.9,270,51,open-meteo-historical-forecast,,,,,false,,,,,,,,,,,,,,
2026-07-16,Indore,IDR,22.7196,75.8577,Thursday,false,32.7,24.1,28.4,36.3,27.2,0.0,0.0,0.0,14.5,39.2,272,3,open-meteo-historical-forecast,,,,,false,,,,,,,,,,,,,,
2026-07-17,Indore,IDR,22.7196,75.8577,Friday,false,32.7,24.5,28.5,35.4,27.5,1.5,1.2,8.0,15.2,39.2,271,51,open-meteo-historical-forecast,,,,,false,,,,,,,,,,,,,,
2026-07-18,Indore,IDR,22.7196,75.8577,Saturday,true,31.3,24.8,27.7,35.0,27.8,0.5,0.4,4.0,15.8,38.5,263,51,open-meteo-historical-forecast,,,,,false,,,,,,,,,,,,,,
2026-07-19,Indore,IDR,22.7196,75.8577,Sunday,true,32.1,24.5,27.1,37.4,27.8,6.4,2.0,8.0,13.7,43.6,257,95,open-meteo-historical-forecast,,,,,false,,,,,,,,,,,,,,
2026-07-20,Indore,IDR,22.7196,75.8577,Monday,false,29.8,24.3,26.0,34.0,28.1,23.6,6.1,13.0,12.6,31.7,252,96,open-meteo-historical-forecast,,,,,false,,,,,,,,,,,,,,
2026-07-21,Indore,IDR,22.7196,75.8577,Tuesday,false,26.7,23.6,24.7,30.0,26.7,8.4,6.0,21.0,15.2,32.8,253,55,open-meteo-historical-forecast,,,,,false,,,,,,,,,,,,,,
2026-07-22,Indore,IDR,22.7196,75.8577,Wednesday,false,26.9,23.3,24.5,30.5,26.8,25.1,8.9,19.0,14.4,33.8,260,95,open-meteo-historical-forecast,,,,,false,,,,,,,,,,,,,,
2026-07-23,Indore,IDR,22.7196,75.8577,Thursday,false,28.2,23.5,25.1,32.2,26.7,8.0,4.8,19.0,18.4,39.6,216,80,open-meteo-historical-forecast,,,,,false,,,,,,,,,,,,,,
2026-07-24,Indore,IDR,22.7196,75.8577,Friday,false,29.3,23.0,25.5,33.2,25.8,1.8,1.1,10.0,22.6,52.6,223,53,open-meteo-historical-forecast,,,,,false,,,,,,,,,,,,,,
2026-07-25,Indore,IDR,22.7196,75.8577,Saturday,true,28.2,23.1,25.0,31.3,25.6,3.0,1.4,9.0,17.4,45.4,224,80,open-meteo-historical-forecast,,,,,false,,,,,,,,,,,,,,
2026-07-26,Indore,IDR,22.7196,75.8577,Sunday,true,29.5,23.1,26.1,33.5,25.9,1.9,1.4,10.0,15.0,36.4,251,51,open-meteo-historical-forecast,,,,,false,,,,,,,,,,,,,,
2026-07-27,Indore,IDR,22.7196,75.8577,Monday,false,28.2,23.3,25.6,33.6,26.9,6.9,3.9,15.0,13.1,35.6,251,95,open-meteo-historical-forecast,,,,,false,,,,,,,,,,,,,,
2026-07-28,Indore,IDR,22.7196,75.8577,Tuesday,false,28.4,23.8,25.3,33.5,27.3,16.2,4.8,19.0,18.4,45.0,276,96,open-meteo-historical-forecast,,,,,false,,,,,,,,,,,,,,
2026-07-29,Indore,IDR,22.7196,75.8577,Wednesday,false,29.0,23.6,25.4,33.3,27.3,12.7,5.3,12.0,15.5,35.3,301,96,open-meteo-historical-forecast,,,,,false,,,,,,,,,,,,,,
2026-07-30,Indore,IDR,22.7196,75.8577,Thursday,false,30.2,23.4,25.9,35.5,26.7,30.4,7.6,23.0,15.9,44.3,333,96,open-meteo-historical-forecast,,,,,false,,,,,,,,,,,,,,
2026-07-31,Indore,IDR,22.7196,75.8577,Friday,false,29.3,23.5,25.5,34.1,27.1,36.6,8.4,21.0,15.1,38.9,7,96,open-meteo-historical-forecast,,,,,false,,,,,,,,,,,,,,
2026-07-01,Chandigarh,IXC,30.7333,76.7794,Wednesday,false,28.6,25.2,26.7,33.4,29.0,9.2,5.3,13.0,18.7,37.4,137,96,open-meteo-historical-forecast,,,,,false,,,,,,,,,,,,,,
2026-07-02,Chandigarh,IXC,30.7333,76.7794,Thursday,false,31.2,24.4,28.0,36.5,29.4,4.7,2.5,7.0,17.8,40.7,146,81,open-meteo-historical-forecast,,,,,false,,,,,,,,,,,,,,
2026-07-03,Chandigarh,IXC,30.7333,76.7794,Friday,false,35.1,26.3,29.7,41.1,32.0,2.3,1.4,7.0,10.9,25.6,74,95,open-meteo-historical-forecast,,,,,false,,,,,,,,,,,,,,
2026-07-04,Chandigarh,IXC,30.7333,76.7794,Saturday,true,32.4,26.6,29.0,38.7,32.8,10.4,3.8,8.0,9.0,23.0,331,96,open-meteo-historical-forecast,,,,,false,,,,,,,,,,,,,,
2026-07-05,Chandigarh,IXC,30.7333,76.7794,Sunday,true,34.2,26.4,30.4,41.3,33.4,1.4,1.2,8.0,14.8,29.2,150,51,open-meteo-historical-forecast,,,,,false,,,,,,,,,,,,,,
2026-07-06,Chandigarh,IXC,30.7333,76.7794,Monday,false,33.0,25.6,29.0,38.8,30.2,19.2,6.4,13.0,15.7,29.9,135,96,open-meteo-historical-forecast,,,,,false,,,,,,,,,,,,,,
2026-07-07,Chandigarh,IXC,30.7333,76.7794,Tuesday,false,33.8,27.5,29.7,39.5,34.0,1.3,1.3,9.0,12.0,26.3,146,51,open-meteo-historical-forecast,,,,,false,,,,,,,,,,,,,,
2026-07-08,Chandigarh,IXC,30.7333,76.7794,Wednesday,false,29.7,25.7,27.7,36.0,31.7,5.9,3.0,9.0,13.2,29.2,139,96,open-meteo-historical-forecast,,,,,false,,,,,,,,,,,,,,
2026-07-09,Chandigarh,IXC,30.7333,76.7794,Thursday,false,27.2,25.6,26.5,34.3,31.6,28.8,20.9,16.0,8.8,21.2,349,96,open-meteo-historical-forecast,,,,,false,,,,,,,,,,,,,,
2026-07-10,Chandigarh,IXC,30.7333,76.7794,Friday,false,30.1,24.5,26.7,35.2,29.0,24.6,14.1,13.0,9.2,20.5,39,81,open-meteo-historical-forecast,,,,,false,,,,,,,,,,,,,,
2026-07-11,Chandigarh,IXC,30.7333,76.7794,Saturday,true,31.8,25.1,28.4,38.9,30.5,1.3,0.5,3.0,9.0,22.3,329,53,open-meteo-historical-forecast,,,,,false,,,,,,,,,,,,,,
2026-07-12,Chandigarh,IXC,30.7333,76.7794,Sunday,true,33.5,25.6,28.8,39.5,30.9,3.9,3.7,2.0,23.4,52.9,320,81,open-meteo-historical-forecast,,,,,false,,,,,,,,,,,,,,
2026-07-13,Chandigarh,IXC,30.7333,76.7794,Monday,false,33.7,26.5,29.9,39.6,29.5,0.0,0.0,0.0,13.5,32.8,319,3,open-meteo-historical-forecast,,,,,false,,,,,,,,,,,,,,
2026-07-14,Chandigarh,IXC,30.7333,76.7794,Tuesday,false,33.6,25.4,30.3,39.4,30.4,1.9,1.0,6.0,12.4,24.5,323,53,open-meteo-historical-forecast,,,,,false,,,,,,,,,,,,,,
2026-07-15,Chandigarh,IXC,30.7333,76.7794,Wednesday,false,34.5,25.3,30.6,39.4,30.9,0.0,0.0,0.0,14.7,32.4,320,1,open-meteo-historical-forecast,,,,,false,,,,,,,,,,,,,,
2026-07-16,Chandigarh,IXC,30.7333,76.7794,Thursday,false,34.6,26.5,30.8,39.7,32.0,0.0,0.0,0.0,14.6,32.0,317,1,open-meteo-historical-forecast,,,,,false,,,,,,,,,,,,,,
2026-07-17,Chandigarh,IXC,30.7333,76.7794,Friday,false,34.8,27.1,31.1,39.2,32.5,0.4,0.4,3.0,15.4,34.9,333,51,open-meteo-historical-forecast,,,,,false,,,,,,,,,,,,,,
2026-07-18,Chandigarh,IXC,30.7333,76.7794,Saturday,true,34.6,28.7,31.4,39.6,34.4,0.0,0.0,0.0,12.7,30.2,335,3,open-meteo-historical-forecast,,,,,false,,,,,,,,,,,,,,
2026-07-19,Chandigarh,IXC,30.7333,76.7794,Sunday,true,33.6,27.5,30.5,39.5,33.4,1.1,1.0,6.0,11.3,27.7,150,95,open-meteo-historical-forecast,,,,,false,,,,,,,,,,,,,,
2026-07-20,Chandigarh,IXC,30.7333,76.7794,Monday,false,30.6,26.1,27.5,36.5,30.7,17.3,7.9,17.0,15.1,31.0,146,96,open-meteo-historical-forecast,,,,,false,,,,,,,,,,,,,,
2026-07-21,Chandigarh,IXC,30.7333,76.7794,Tuesday,false,30.5,25.0,27.4,36.0,28.6,5.0,4.5,12.0,17.5,33.1,139,55,open-meteo-historical-forecast,,,,,false,,,,,,,,,,,,,,
2026-07-22,Chandigarh,IXC,30.7333,76.7794,Wednesday,false,31.2,25.7,28.5,36.0,29.9,1.9,1.4,6.0,19.6,46.4,142,53,open-meteo-historical-forecast,,,,,false,,,,,,,,,,,,,,
2026-07-23,Chandigarh,IXC,30.7333,76.7794,Thursday,false,31.8,24.7,28.4,37.1,28.4,2.8,2.8,7.0,16.8,42.8,130,55,open-meteo-historical-forecast,,,,,false,,,,,,,,,,,,,,
2026-07-24,Chandigarh,IXC,30.7333,76.7794,Friday,false,32.9,26.2,29.3,40.1,30.1,1.7,1.7,8.0,15.3,31.7,130,53,open-meteo-historical-forecast,,,,,false,,,,,,,,,,,,,,
2026-07-25,Chandigarh,IXC,30.7333,76.7794,Saturday,true,31.4,27.1,28.8,37.1,30.4,1.8,0.9,9.0,21.1,45.7,145,95,open-meteo-historical-forecast,,,,,false,,,,,,,,,,,,,,
2026-07-26,Chandigarh,IXC,30.7333,76.7794,Sunday,true,33.9,25.9,30.1,41.3,32.2,0.6,0.5,4.0,6.9,17.3,171,51,open-meteo-historical-forecast,,,,,false,,,,,,,,,,,,,,
2026-07-27,Chandigarh,IXC,30.7333,76.7794,Monday,false,33.0,26.3,29.1,40.3,31.9,6.2,4.0,16.0,9.9,23.0,157,95,open-meteo-historical-forecast,,,,,false,,,,,,,,,,,,,,
2026-07-28,Chandigarh,IXC,30.7333,76.7794,Tuesday,false,28.5,24.2,26.2,34.2,28.4,25.0,6.5,15.0,14.1,28.8,144,96,open-meteo-historical-forecast,,,,,false,,,,,,,,,,,,,,
2026-07-29,Chandigarh,IXC,30.7333,76.7794,Wednesday,false,33.1,25.2,28.9,39.3,30.8,1.0,0.8,6.0,10.8,27.7,143,53,open-meteo-historical-forecast,,,,,false,,,,,,,,,,,,,,
2026-07-30,Chandigarh,IXC,30.7333,76.7794,Thursday,false,32.4,25.2,28.6,37.4,30.8,2.9,2.6,9.0,16.0,35.3,149,53,open-meteo-historical-forecast,,,,,false,,,,,,,,,,,,,,
2026-07-31,Chandigarh,IXC,30.7333,76.7794,Friday,false,31.9,27.1,29.0,36.8,30.5,3.0,0.9,7.0,18.4,40.0,134,95,open-meteo-historical-forecast,,,,,false,,,,,,,,,,,,,,
2026-07-01,Jaipur,JAI,26.9124,75.7873,Wednesday,false,37.2,29.1,32.1,42.3,32.6,1.9,1.6,9.0,12.6,35.3,202,53,open-meteo-historical-forecast,,,,,false,,,,,,,,,,,,,,
2026-07-02,Jaipur,JAI,26.9124,75.7873,Thursday,false,33.8,24.4,29.2,39.4,28.9,17.8,4.4,12.0,20.4,31.3,220,96,open-meteo-historical-forecast,,,,,false,,,,,,,,,,,,,,
2026-07-03,Jaipur,JAI,26.9124,75.7873,Friday,false,33.4,25.4,29.1,38.8,31.0,6.2,4.5,8.0,11.3,42.1,297,95,open-meteo-historical-forecast,,,,,false,,,,,,,,,,,,,,
2026-07-04,Jaipur,JAI,26.9124,75.7873,Saturday,true,33.3,27.0,30.0,39.7,32.3,0.3,0.2,2.0,7.3,21.6,343,51,open-meteo-historical-forecast,,,,,false,,,,,,,,,,,,,,
2026-07-05,Jaipur,JAI,26.9124,75.7873,Sunday,true,34.9,26.1,30.7,41.1,31.1,12.7,6.5,12.0,13.3,24.1,77,96,open-meteo-historical-forecast,,,,,false,,,,,,,,,,,,,,
2026-07-06,Jaipur,JAI,26.9124,75.7873,Monday,false,34.8,26.0,30.2,42.2,32.0,2.1,1.9,5.0,6.1,26.3,74,55,open-meteo-historical-forecast,,,,,false,,,,,,,,,,,,,,
2026-07-07,Jaipur,JAI,26.9124,75.7873,Tuesday,false,33.8,26.9,29.2,39.6,32.5,3.6,3.0,11.0,9.6,26.6,29,55,open-meteo-historical-forecast,,,,,false,,,,,,,,,,,,,,
2026-07-08,Jaipur,JAI,26.9124,75.7873,Wednesday,false,32.1,25.3,28.6,36.0,30.4,4.2,2.3,8.0,13.8,36.7,343,80,open-meteo-historical-forecast,,,,,false,,,,,,,,,,,,,,
2026-07-09,Jaipur,JAI,26.9124,75.7873,Thursday,false,33.5,26.2,29.3,38.2,30.8,0.4,0.3,4.0,14.8,36.7,279,51,open-meteo-historical-forecast,,,,,false,,,,,,,,,,,,,,
2026-07-10,Jaipur,JAI,26.9124,75.7873,Friday,false,34.1,27.1,30.4,39.6,31.1,0.0,0.0,0.0,15.8,37.8,253,3,open-meteo-historical-forecast,,,,,false,,,,,,,,,,,,,,
2026-07-11,Jaipur,JAI,26.9124,75.7873,Saturday,true,33.0,26.7,29.8,37.6,29.4,0.0,0.0,0.0,17.3,41.0,246,3,open-meteo-historical-forecast,,,,,false,,,,,,,,,,,,,,
2026-07-12,Jaipur,JAI,26.9124,75.7873,Sunday,true,33.9,26.8,30.3,38.1,29.8,0.0,0.0,0.0,15.6,37.8,246,3,open-meteo-historical-forecast,,,,,false,,,,,,,,,,,,,,
2026-07-13,Jaipur,JAI,26.9124,75.7873,Monday,false,34.4,27.7,31.0,39.2,30.7,0.4,0.3,3.0,14.3,32.8,249,51,open-meteo-historical-forecast,,,,,false,,,,,,,,,,,,,,
2026-07-14,Jaipur,JAI,26.9124,75.7873,Tuesday,false,34.6,27.9,31.3,39.1,30.7,0.1,0.1,1.0,16.2,41.0,258,51,open-meteo-historical-forecast,,,,,false,,,,,,,,,,,,,,
2026-07-15,Jaipur,JAI,26.9124,75.7873,Wednesday,false,34.8,28.6,31.6,39.4,31.0,0.2,0.1,2.0,15.2,38.2,264,51,open-meteo-historical-forecast,,,,,false,,,,,,,,,,,,,,
2026-07-16,Jaipur,JAI,26.9124,75.7873,Thursday,false,36.2,29.1,32.7,40.5,31.4,0.1,0.1,1.0,15.6,40.0,272,51,open-meteo-historical-forecast,,,,,false,,,,,,,,,,,,,,
2026-07-17,Jaipur,JAI,26.9124,75.7873,Friday,false,37.0,29.6,33.1,41.5,31.5,0.0,0.0,0.0,16.1,40.0,267,3,open-meteo-historical-forecast,,,,,false,,,,,,,,,,,,,,
2026-07-18,Jaipur,JAI,26.9124,75.7873,Saturday,true,36.6,29.6,33.3,40.5,31.8,0.2,0.2,2.0,15.1,37.8,263,51,open-meteo-historical-forecast,,,,,false,,,,,,,,,,,,,,
2026-07-19,Jaipur,JAI,26.9124,75.7873,Sunday,true,36.5,30.9,33.0,42.0,33.9,1.1,0.9,3.0,13.0,34.6,242,53,open-meteo-historical-forecast,,,,,false,,,,,,,,,,,,,,
2026-07-20,Jaipur,JAI,26.9124,75.7873,Monday,false,34.4,27.0,30.6,37.9,32.7,1.0,0.7,5.0,12.1,31.3,201,53,open-meteo-historical-forecast,,,,,false,,,,,,,,,,,,,,
2026-07-21,Jaipur,JAI,26.9124,75.7873,Tuesday,false,30.3,24.7,26.7,35.4,30.1,30.7,10.8,19.0,12.5,36.0,299,96,open-meteo-historical-forecast,,,,,false,,,,,,,,,,,,,,
2026-07-22,Jaipur,JAI,26.9124,75.7873,Wednesday,false,30.9,25.0,27.4,36.1,30.7,10.7,3.6,20.0,11.2,29.9,74,96,open-meteo-historical-forecast,,,,,false,,,,,,,,,,,,,,
2026-07-23,Jaipur,JAI,26.9124,75.7873,Thursday,false,32.1,24.8,28.1,37.0,29.3,3.1,2.4,17.0,11.9,30.6,85,95,open-meteo-historical-forecast,,,,,false,,,,,,,,,,,,,,
2026-07-24,Jaipur,JAI,26.9124,75.7873,Friday,false,31.2,25.0,28.0,37.4,30.1,2.3,1.2,12.0,14.2,33.5,130,53,open-meteo-historical-forecast,,,,,false,,,,,,,,,,,,,,
2026-07-25,Jaipur,JAI,26.9124,75.7873,Saturday,true,31.8,25.2,28.2,35.9,29.4,1.9,1.5,11.0,13.6,33.8,141,51,open-meteo-historical-forecast,,,,,false,,,,,,,,,,,,,,
2026-07-26,Jaipur,JAI,26.9124,75.7873,Sunday,true,32.6,25.9,29.1,38.0,31.5,1.4,1.4,8.0,10.6,28.8,162,51,open-meteo-historical-forecast,,,,,false,,,,,,,,,,,,,,
2026-07-27,Jaipur,JAI,26.9124,75.7873,Monday,false,33.6,26.2,29.8,41.1,31.6,3.7,1.7,7.0,8.1,18.7,222,96,open-meteo-historical-forecast,,,,,false,,,,,,,,,,,,,,
2026-07-28,Jaipur,JAI,26.9124,75.7873,Tuesday,false,32.0,25.2,27.0,38.2,30.5,36.4,8.6,17.0,17.3,38.9,263,96,open-meteo-historical-forecast,,,,,false,,,,,,,,,,,,,,
2026-07-29,Jaipur,JAI,26.9124,75.7873,Wednesday,false,32.4,25.3,28.3,39.5,30.8,2.9,2.3,10.0,11.4,27.4,303,95,open-meteo-historical-forecast,,,,,false,,,,,,,,,,,,,,
2026-07-30,Jaipur,JAI,26.9124,75.7873,Thursday,false,33.5,24.9,29.5,39.3,30.3,6.2,4.0,8.0,13.1,33.5,47,95,open-meteo-historical-forecast,,,,,false,,,,,,,,,,,,,,
2026-07-31,Jaipur,JAI,26.9124,75.7873,Friday,false,32.4,26.4,29.2,37.6,31.1,0.9,0.8,8.0,16.0,39.2,76,51,open-meteo-historical-forecast,,,,,false,,,,,,,,,,,,,,
2026-07-01,Lucknow,LKO,26.8467,80.9462,Wednesday,false,32.2,26.5,29.2,40.7,33.3,11.7,4.6,17.0,10.4,26.6,113,96,open-meteo-historical-forecast,,,,,false,,,,,,,,,,,,,,
2026-07-02,Lucknow,LKO,26.8467,80.9462,Thursday,false,33.1,26.6,30.2,41.0,33.6,8.1,1.6,12.0,9.6,26.3,112,96,open-meteo-historical-forecast,,,,,false,,,,,,,,,,,,,,
2026-07-03,Lucknow,LKO,26.8467,80.9462,Friday,false,35.1,26.7,31.1,41.8,33.2,8.7,5.8,11.0,9.9,28.8,81,96,open-meteo-historical-forecast,,,,,false,,,,,,,,,,,,,,
2026-07-04,Lucknow,LKO,26.8467,80.9462,Saturday,true,35.8,27.5,32.0,42.7,33.5,3.2,2.4,10.0,9.4,25.2,95,80,open-meteo-historical-forecast,,,,,false,,,,,,,,,,,,,,
2026-07-05,Lucknow,LKO,26.8467,80.9462,Sunday,true,36.1,27.7,32.0,44.2,34.7,3.1,0.9,7.0,11.6,24.8,87,95,open-meteo-historical-forecast,,,,,false,,,,,,,,,,,,,,
2026-07-06,Lucknow,LKO,26.8467,80.9462,Monday,false,34.4,28.9,31.9,40.5,35.9,1.2,1.0,5.0,15.7,37.1,77,51,open-meteo-historical-forecast,,,,,false,,,,,,,,,,,,,,
2026-07-07,Lucknow,LKO,26.8467,80.9462,Tuesday,false,33.7,26.5,29.7,39.2,31.6,28.1,3.7,15.0,18.1,48.6,89,96,open-meteo-historical-forecast,,,,,false,,,,,,,,,,,,,,
2026-07-08,Lucknow,LKO,26.8467,80.9462,Wednesday,false,31.9,26.7,28.6,37.5,31.3,25.5,6.4,21.0,20.0,47.9,121,96,open-meteo-historical-forecast,,,,,false,,,,,,,,,,,,,,
2026-07-09,Lucknow,LKO,26.8467,80.9462,Thursday,false,31.2,26.1,28.1,37.6,31.5,19.8,7.8,21.0,14.7,35.3,143,96,open-meteo-historical-forecast,,,,,false,,,,,,,,,,,,,,
2026-07-10,Lucknow,LKO,26.8467,80.9462,Friday,false,31.5,26.1,28.0,36.8,31.9,24.9,10.5,16.0,13.1,40.3,206,95,open-meteo-historical-forecast,,,,,false,,,,,,,,,,,,,,
2026-07-11,Lucknow,LKO,26.8467,80.9462,Saturday,true,34.0,25.8,29.5,40.3,31.3,14.1,7.1,10.0,16.9,51.8,254,95,open-meteo-historical-forecast,,,,,false,,,,,,,,,,,,,,
2026-07-12,Lucknow,LKO,26.8467,80.9462,Sunday,true,35.2,27.0,31.2,41.1,31.7,0.9,0.9,8.0,16.0,36.7,254,51,open-meteo-historical-forecast,,,,,false,,,,,,,,,,,,,,
2026-07-13,Lucknow,LKO,26.8467,80.9462,Monday,false,35.7,28.9,32.1,41.7,32.8,0.2,0.2,2.0,16.3,37.1,260,51,open-meteo-historical-forecast,,,,,false,,,,,,,,,,,,,,
2026-07-14,Lucknow,LKO,26.8467,80.9462,Tuesday,false,36.0,28.6,31.3,42.4,33.5,0.1,0.1,1.0,15.5,28.4,242,51,open-meteo-historical-forecast,,,,,false,,,,,,,,,,,,,,
2026-07-15,Lucknow,LKO,26.8467,80.9462,Wednesday,false,33.2,28.4,31.0,40.4,32.5,1.4,0.7,3.0,11.5,24.1,250,95,open-meteo-historical-forecast,,,,,false,,,,,,,,,,,,,,
2026-07-16,Lucknow,LKO,26.8467,80.9462,Thursday,false,33.6,27.0,30.3,41.9,33.3,10.8,4.0,11.0,9.5,28.8,258,96,open-meteo-historical-forecast,,,,,false,,,,,,,,,,,,,,
2026-07-17,Lucknow,LKO,26.8467,80.9462,Friday,false,34.0,27.4,30.2,42.0,34.0,6.3,1.4,10.0,9.6,28.4,133,96,open-meteo-historical-forecast,,,,,false,,,,,,,,,,,,,,
2026-07-18,Lucknow,LKO,26.8467,80.9462,Saturday,true,32.6,27.9,29.9,40.7,34.7,2.9,1.6,8.0,6.7,19.1,148,96,open-meteo-historical-forecast,,,,,false,,,,,,,,,,,,,,
2026-07-19,Lucknow,LKO,26.8467,80.9462,Sunday,true,30.5,25.7,28.2,37.3,31.0,4.8,3.7,16.0,10.1,24.5,109,95,open-meteo-historical-forecast,,,,,false,,,,,,,,,,,,,,
2026-07-20,Lucknow,LKO,26.8467,80.9462,Monday,false,29.9,26.0,27.2,35.7,32.6,12.8,7.5,13.0,6.1,16.2,235,96,open-meteo-historical-forecast,,,,,false,,,,,,,,,,,,,,
2026-07-21,Lucknow,LKO,26.8467,80.9462,Tuesday,false,30.9,25.6,27.5,36.4,31.0,20.2,2.8,17.0,18.3,42.1,114,96,open-meteo-historical-forecast,,,,,false,,,,,,,,,,,,,,
2026-07-22,Lucknow,LKO,26.8467,80.9462,Wednesday,false,32.3,26.2,29.1,37.7,31.0,3.0,2.5,13.0,18.9,46.4,98,53,open-meteo-historical-forecast,,,,,false,,,,,,,,,,,,,,
2026-07-23,Lucknow,LKO,26.8467,80.9462,Thursday,false,31.9,25.7,28.4,38.0,29.9,8.3,3.4,18.0,19.6,43.9,110,95,open-meteo-historical-forecast,,,,,false,,,,,,,,,,,,,,
2026-07-24,Lucknow,LKO,26.8467,80.9462,Friday,false,31.9,25.5,28.5,38.9,30.7,19.7,5.6,21.0,12.3,25.9,130,96,open-meteo-historical-forecast,,,,,false,,,,,,,,,,,,,,
2026-07-25,Lucknow,LKO,26.8467,80.9462,Saturday,true,32.0,26.3,29.2,40.2,32.6,9.4,3.1,14.0,9.5,26.3,111,96,open-meteo-historical-forecast,,,,,false,,,,,,,,,,,,,,
2026-07-26,Lucknow,LKO,26.8467,80.9462,Sunday,true,34.2,27.6,31.0,42.5,34.7,1.9,1.4,7.0,7.7,20.9,165,53,open-meteo-historical-forecast,,,,,false,,,,,,,,,,,,,,
2026-07-27,Lucknow,LKO,26.8467,80.9462,Monday,false,32.3,26.7,29.8,40.0,33.6,4.0,1.2,9.0,7.0,18.0,254,96,open-meteo-historical-forecast,,,,,false,,,,,,,,,,,,,,
2026-07-28,Lucknow,LKO,26.8467,80.9462,Tuesday,false,33.5,27.3,30.0,42.7,35.0,2.8,1.0,10.0,8.7,28.1,80,95,open-meteo-historical-forecast,,,,,false,,,,,,,,,,,,,,
2026-07-29,Lucknow,LKO,26.8467,80.9462,Wednesday,false,33.9,27.9,30.6,41.2,34.2,1.6,1.6,4.0,12.1,33.5,78,55,open-meteo-historical-forecast,,,,,false,,,,,,,,,,,,,,
2026-07-30,Lucknow,LKO,26.8467,80.9462,Thursday,false,33.2,28.2,30.2,39.8,33.0,1.4,1.1,9.0,18.8,48.2,85,51,open-meteo-historical-forecast,,,,,false,,,,,,,,,,,,,,
2026-07-31,Lucknow,LKO,26.8467,80.9462,Friday,false,32.7,27.8,29.9,38.3,31.9,1.6,1.1,10.0,23.4,51.8,99,51,open-meteo-historical-forecast,,,,,false,,,,,,,,,,,,,,
2026-07-01,Chennai,MAA,13.0827,80.2707,Wednesday,false,35.5,28.7,31.8,39.2,30.7,0.3,0.1,2.0,21.7,49.3,251,51,open-meteo-historical-forecast,,,,,false,,,,,,,,,,,,,,
2026-07-02,Chennai,MAA,13.0827,80.2707,Thursday,false,35.4,29.6,32.9,38.8,31.4,0.1,0.1,1.0,18.6,45.0,251,51,open-meteo-historical-forecast,,,,,false,,,,,,,,,,,,,,
2026-07-03,Chennai,MAA,13.0827,80.2707,Friday,false,36.1,28.9,32.0,37.6,32.1,1.0,0.5,5.0,23.0,53.3,249,53,open-meteo-historical-forecast,,,,,false,,,,,,,,,,,,,,
2026-07-04,Chennai,MAA,13.0827,80.2707,Saturday,true,32.5,26.1,30.2,34.5,29.9,5.8,2.9,10.0,18.2,43.6,232,81,open-meteo-historical-forecast,,,,,false,,,,,,,,,,,,,,
2026-07-05,Chennai,MAA,13.0827,80.2707,Sunday,true,38.4,30.1,34.0,39.6,31.4,0.0,0.0,0.0,21.3,56.9,249,3,open-meteo-historical-forecast,,,,,false,,,,,,,,,,,,,,
2026-07-06,Chennai,MAA,13.0827,80.2707,Monday,false,39.2,29.4,33.9,38.5,30.2,0.0,0.0,0.0,26.3,61.6,240,3,open-meteo-historical-forecast,,,,,false,,,,,,,,,,,,,,
2026-07-07,Chennai,MAA,13.0827,80.2707,Tuesday,false,39.0,30.2,33.9,40.8,32.1,0.5,0.3,2.0,23.5,58.3,223,51,open-meteo-historical-forecast,,,,,false,,,,,,,,,,,,,,
2026-07-08,Chennai,MAA,13.0827,80.2707,Wednesday,false,38.6,30.5,33.5,40.2,32.5,0.2,0.2,1.0,21.2,52.2,223,51,open-meteo-historical-forecast,,,,,false,,,,,,,,,,,,,,
2026-07-09,Chennai,MAA,13.0827,80.2707,Thursday,false,37.8,28.1,32.1,42.9,33.3,5.2,3.6,9.0,16.6,41.0,218,95,open-meteo-historical-forecast,,,,,false,,,,,,,,,,,,,,
2026-07-10,Chennai,MAA,13.0827,80.2707,Friday,false,33.9,27.3,30.5,38.5,33.0,2.9,1.7,5.0,17.6,36.7,223,95,open-meteo-historical-forecast,,,,,false,,,,,,,,,,,,,,
2026-07-11,Chennai,MAA,13.0827,80.2707,Saturday,true,37.3,27.2,31.5,41.4,31.4,0.5,0.5,2.0,13.0,33.1,223,51,open-meteo-historical-forecast,,,,,false,,,,,,,,,,,,,,
2026-07-12,Chennai,MAA,13.0827,80.2707,Sunday,true,37.1,29.4,32.4,43.0,33.0,0.0,0.0,0.0,14.3,34.2,194,3,open-meteo-historical-forecast,,,,,false,,,,,,,,,,,,,,
2026-07-13,Chennai,MAA,13.0827,80.2707,Monday,false,38.7,29.6,33.0,42.2,32.2,0.0,0.0,0.0,16.8,42.5,233,3,open-meteo-historical-forecast,,,,,false,,,,,,,,,,,,,,
2026-07-14,Chennai,MAA,13.0827,80.2707,Tuesday,false,37.4,30.1,33.1,43.4,32.9,0.0,0.0,0.0,13.7,37.1,214,3,open-meteo-historical-forecast,,,,,false,,,,,,,,,,,,,,
2026-07-15,Chennai,MAA,13.0827,80.2707,Wednesday,false,38.2,29.1,32.7,42.4,33.4,0.0,0.0,0.0,14.3,37.8,201,3,open-meteo-historical-forecast,,,,,false,,,,,,,,,,,,,,
2026-07-16,Chennai,MAA,13.0827,80.2707,Thursday,false,38.2,29.0,32.6,40.7,32.6,0.1,0.1,1.0,17.6,42.8,212,51,open-meteo-historical-forecast,,,,,false,,,,,,,,,,,,,,
2026-07-17,Chennai,MAA,13.0827,80.2707,Friday,false,37.3,27.3,31.7,42.1,31.2,4.0,2.7,8.0,17.3,42.1,217,55,open-meteo-historical-forecast,,,,,false,,,,,,,,,,,,,,
2026-07-18,Chennai,MAA,13.0827,80.2707,Saturday,true,32.4,25.9,29.0,37.1,30.5,2.3,1.5,6.0,13.1,33.5,227,95,open-meteo-historical-forecast,,,,,false,,,,,,,,,,,,,,
2026-07-19,Chennai,MAA,13.0827,80.2707,Sunday,true,33.4,24.8,29.0,39.9,27.9,4.9,3.8,11.0,19.1,42.8,196,95,open-meteo-historical-forecast,,,,,false,,,,,,,,,,,,,,
2026-07-20,Chennai,MAA,13.0827,80.2707,Monday,false,33.0,25.5,29.4,37.9,29.4,10.7,2.7,8.0,16.2,43.9,246,95,open-meteo-historical-forecast,,,,,false,,,,,,,,,,,,,,
2026-07-21,Chennai,MAA,13.0827,80.2707,Tuesday,false,34.2,27.3,30.2,39.3,33.8,0.6,0.2,2.0,14.5,31.0,224,51,open-meteo-historical-forecast,,,,,false,,,,,,,,,,,,,,
2026-07-22,Chennai,MAA,13.0827,80.2707,Wednesday,false,35.5,26.2,30.3,41.0,30.4,10.0,2.6,9.0,16.3,35.6,224,96,open-meteo-historical-forecast,,,,,false,,,,,,,,,,,,,,
2026-07-23,Chennai,MAA,13.0827,80.2707,Thursday,false,33.9,27.6,30.0,39.7,32.6,1.0,0.7,4.0,17.0,41.0,189,95,open-meteo-historical-forecast,,,,,false,,,,,,,,,,,,,,
2026-07-24,Chennai,MAA,13.0827,80.2707,Friday,false,34.4,24.5,29.6,40.1,28.0,7.5,4.7,10.0,14.7,35.3,215,95,open-meteo-historical-forecast,,,,,false,,,,,,,,,,,,,,
2026-07-25,Chennai,MAA,13.0827,80.2707,Saturday,true,35.6,26.0,30.3,40.2,30.8,4.4,2.1,4.0,15.2,35.6,207,95,open-meteo-historical-forecast,,,,,false,,,,,,,,,,,,,,
2026-07-26,Chennai,MAA,13.0827,80.2707,Sunday,true,36.4,28.3,31.6,40.2,32.5,1.4,0.3,3.0,17.5,43.9,239,55,open-meteo-historical-forecast,,,,,false,,,,,,,,,,,,,,
2026-07-27,Chennai,MAA,13.0827,80.2707,Monday,false,37.6,30.1,32.3,42.2,32.5,1.6,1.4,3.0,16.8,41.8,238,53,open-meteo-historical-forecast,,,,,false,,,,,,,,,,,,,,
2026-07-28,Chennai,MAA,13.0827,80.2707,Tuesday,false,37.0,29.1,32.4,39.6,31.8,0.1,0.1,1.0,19.2,49.3,232,51,open-meteo-historical-forecast,,,,,false,,,,,,,,,,,,,,
2026-07-29,Chennai,MAA,13.0827,80.2707,Wednesday,false,36.9,29.4,32.5,39.8,31.1,8.0,8.0,6.0,23.1,55.1,245,81,open-meteo-historical-forecast,,,,,false,,,,,,,,,,,,,,
2026-07-30,Chennai,MAA,13.0827,80.2707,Thursday,false,37.2,29.4,32.4,38.7,31.4,1.1,1.0,5.0,21.9,59.4,232,53,open-meteo-historical-forecast,,,,,false,,,,,,,,,,,,,,
2026-07-31,Chennai,MAA,13.0827,80.2707,Friday,false,36.6,28.2,31.5,40.5,32.1,0.8,0.8,3.0,20.1,47.9,204,53,open-meteo-historical-forecast,,,,,false,,,,,,,,,,,,,,
2026-07-01,Pune,PNQ,18.5204,73.8567,Wednesday,false,27.1,22.6,23.9,29.8,25.0,26.6,17.7,24.0,20.7,43.2,252,95,open-meteo-historical-forecast,,,,,false,,,,,,,,,,,,,,
2026-07-02,Pune,PNQ,18.5204,73.8567,Thursday,false,25.6,22.5,23.6,27.7,24.8,9.4,8.0,18.0,20.3,45.4,253,55,open-meteo-historical-forecast,,,,,false,,,,,,,,,,,,,,
2026-07-03,Pune,PNQ,18.5204,73.8567,Friday,false,25.1,22.4,23.3,27.5,24.9,23.4,17.0,24.0,19.6,45.7,255,95,open-meteo-historical-forecast,,,,,false,,,,,,,,,,,,,,
2026-07-04,Pune,PNQ,18.5204,73.8567,Saturday,true,24.2,22.2,23.1,27.0,23.9,27.4,18.3,24.0,21.7,44.6,258,81,open-meteo-historical-forecast,,,,,false,,,,,,,,,,,,,,
2026-07-05,Pune,PNQ,18.5204,73.8567,Sunday,true,24.9,22.7,23.5,28.1,24.9,87.7,43.7,24.0,23.5,52.2,245,95,open-meteo-historical-forecast,,,,,false,,,,,,,,,,,,,,
2026-07-06,Pune,PNQ,18.5204,73.8567,Monday,false,24.2,22.9,23.5,26.7,23.7,44.2,26.4,24.0,31.3,61.9,250,81,open-meteo-historical-forecast,,,,,false,,,,,,,,,,,,,,
2026-07-07,Pune,PNQ,18.5204,73.8567,Tuesday,false,26.7,22.9,24.2,28.4,24.6,15.4,10.4,22.0,27.5,63.4,253,81,open-meteo-historical-forecast,,,,,false,,,,,,,,,,,,,,
2026-07-08,Pune,PNQ,18.5204,73.8567,Wednesday,false,25.9,23.3,24.4,28.9,24.6,45.2,21.6,17.0,28.2,59.0,262,95,open-meteo-historical-forecast,,,,,false,,,,,,,,,,,,,,
2026-07-09,Pune,PNQ,18.5204,73.8567,Thursday,false,28.3,23.4,25.2,31.2,25.9,0.6,0.2,5.0,21.6,50.0,255,51,open-meteo-historical-forecast,,,,,false,,,,,,,,,,,,,,
2026-07-10,Pune,PNQ,18.5204,73.8567,Friday,false,28.9,23.3,25.3,32.3,25.9,0.0,0.0,0.0,19.9,46.4,261,3,open-meteo-historical-forecast,,,,,false,,,,,,,,,,,,,,
2026-07-11,Pune,PNQ,18.5204,73.8567,Saturday,true,28.8,23.3,25.2,30.3,25.3,0.2,0.1,2.0,22.8,57.2,258,51,open-meteo-historical-forecast,,,,,false,,,,,,,,,,,,,,
2026-07-12,Pune,PNQ,18.5204,73.8567,Sunday,true,29.5,22.6,25.5,32.0,24.3,0.0,0.0,0.0,24.9,58.0,254,3,open-meteo-historical-forecast,,,,,false,,,,,,,,,,,,,,
2026-07-13,Pune,PNQ,18.5204,73.8567,Monday,false,29.3,23.0,25.4,32.0,24.8,0.0,0.0,0.0,21.8,50.8,257,3,open-meteo-historical-forecast,,,,,false,,,,,,,,,,,,,,
2026-07-14,Pune,PNQ,18.5204,73.8567,Tuesday,false,29.9,22.6,25.6,32.6,24.6,0.0,0.0,0.0,20.0,47.9,262,3,open-meteo-historical-forecast,,,,,false,,,,,,,,,,,,,,
2026-07-15,Pune,PNQ,18.5204,73.8567,Wednesday,false,28.5,22.6,24.8,31.0,25.1,2.4,0.9,8.0,21.0,49.7,251,53,open-meteo-historical-forecast,,,,,false,,,,,,,,,,,,,,
2026-07-16,Pune,PNQ,18.5204,73.8567,Thursday,false,29.0,23.1,25.3,32.2,25.8,4.2,1.3,10.0,19.0,45.0,255,80,open-meteo-historical-forecast,,,,,false,,,,,,,,,,,,,,
2026-07-17,Pune,PNQ,18.5204,73.8567,Friday,false,28.3,23.4,25.1,31.8,25.9,2.9,1.5,9.0,20.8,48.2,261,53,open-meteo-historical-forecast,,,,,false,,,,,,,,,,,,,,
2026-07-18,Pune,PNQ,18.5204,73.8567,Saturday,true,27.9,22.7,24.5,29.7,25.5,6.5,4.5,14.0,20.7,49.0,260,80,open-meteo-historical-forecast,,,,,false,,,,,,,,,,,,,,
2026-07-19,Pune,PNQ,18.5204,73.8567,Sunday,true,27.4,22.7,24.4,30.2,25.5,1.9,1.3,8.0,19.7,46.8,256,53,open-meteo-historical-forecast,,,,,false,,,,,,,,,,,,,,
2026-07-20,Pune,PNQ,18.5204,73.8567,Monday,false,27.1,22.7,24.2,30.1,25.0,4.5,2.2,17.0,22.8,52.2,251,53,open-meteo-historical-forecast,,,,,false,,,,,,,,,,,,,,
2026-07-21,Pune,PNQ,18.5204,73.8567,Tuesday,false,26.4,22.7,23.9,28.7,24.3,11.5,7.2,22.0,25.2,55.8,252,80,open-meteo-historical-forecast,,,,,false,,,,,,,,,,,,,,
2026-07-22,Pune,PNQ,18.5204,73.8567,Wednesday,false,25.2,22.2,23.2,25.8,22.9,11.1,9.3,24.0,26.6,60.5,246,61,open-meteo-historical-forecast,,,,,false,,,,,,,,,,,,,,
2026-07-23,Pune,PNQ,18.5204,73.8567,Thursday,false,25.3,20.7,23.1,26.8,19.9,15.4,11.1,24.0,28.2,60.8,241,81,open-meteo-historical-forecast,,,,,false,,,,,,,,,,,,,,
2026-07-24,Pune,PNQ,18.5204,73.8567,Friday,false,26.2,22.6,24.0,28.9,23.9,12.0,6.9,24.0,28.2,62.6,244,80,open-meteo-historical-forecast,,,,,false,,,,,,,,,,,,,,
2026-07-25,Pune,PNQ,18.5204,73.8567,Saturday,true,27.6,22.4,24.4,30.6,24.0,5.2,3.3,20.0,23.4,53.6,250,55,open-meteo-historical-forecast,,,,,false,,,,,,,,,,,,,,
2026-07-26,Pune,PNQ,18.5204,73.8567,Sunday,true,27.8,22.5,24.4,29.9,24.9,2.4,1.2,13.0,22.7,51.8,254,53,open-meteo-historical-forecast,,,,,false,,,,,,,,,,,,,,
2026-07-27,Pune,PNQ,18.5204,73.8567,Monday,false,26.8,22.8,24.3,29.6,25.4,9.7,3.3,16.0,20.7,46.8,258,95,open-meteo-historical-forecast,,,,,false,,,,,,,,,,,,,,
2026-07-28,Pune,PNQ,18.5204,73.8567,Tuesday,false,27.2,22.3,24.4,30.5,25.2,5.0,3.1,14.0,22.9,51.5,259,55,open-meteo-historical-forecast,,,,,false,,,,,,,,,,,,,,
2026-07-29,Pune,PNQ,18.5204,73.8567,Wednesday,false,26.7,23.3,24.5,29.4,25.5,4.1,2.5,14.0,25.8,59.4,263,53,open-meteo-historical-forecast,,,,,false,,,,,,,,,,,,,,
2026-07-30,Pune,PNQ,18.5204,73.8567,Thursday,false,26.1,23.2,24.3,28.0,25.2,5.8,5.2,17.0,23.8,52.9,265,61,open-meteo-historical-forecast,,,,,false,,,,,,,,,,,,,,
2026-07-31,Pune,PNQ,18.5204,73.8567,Friday,false,25.1,22.6,23.6,27.8,24.6,17.3,13.3,20.0,21.1,47.2,260,95,open-meteo-historical-forecast,,,,,false,,,,,,,,,,,,,,
2026-07-01,Surat,STV,21.1702,72.8311,Wednesday,false,29.3,25.3,27.1,34.5,30.9,30.8,12.9,24.0,15.8,36.0,206,95,open-meteo-historical-forecast,,,,,false,,,,,,,,,,,,,,
2026-07-02,Surat,STV,21.1702,72.8311,Thursday,false,28.7,25.3,26.7,33.6,30.3,39.8,15.0,20.0,15.1,31.3,224,95,open-meteo-historical-forecast,,,,,false,,,,,,,,,,,,,,
2026-07-03,Surat,STV,21.1702,72.8311,Friday,false,27.5,25.5,26.5,33.4,31.1,74.0,29.8,21.0,13.3,26.6,251,96,open-meteo-historical-forecast,,,,,false,,,,,,,,,,,,,,
2026-07-04,Surat,STV,21.1702,72.8311,Saturday,true,29.3,25.3,26.9,35.6,31.6,33.9,19.2,22.0,12.2,28.8,227,95,open-meteo-historical-forecast,,,,,false,,,,,,,,,,,,,,
2026-07-05,Surat,STV,21.1702,72.8311,Sunday,true,32.9,24.9,27.7,40.7,30.8,22.9,5.8,18.0,10.9,28.8,46,96,open-meteo-historical-forecast,,,,,false,,,,,,,,,,,,,,
2026-07-06,Surat,STV,21.1702,72.8311,Monday,false,30.6,25.8,27.1,37.9,32.0,59.8,18.6,21.0,9.1,27.0,338,96,open-meteo-historical-forecast,,,,,false,,,,,,,,,,,,,,
2026-07-07,Surat,STV,21.1702,72.8311,Tuesday,false,27.2,25.4,26.5,33.1,31.2,47.5,31.0,24.0,15.5,32.0,287,95,open-meteo-historical-forecast,,,,,false,,,,,,,,,,,,,,
2026-07-08,Surat,STV,21.1702,72.8311,Wednesday,false,30.5,26.7,28.4,35.9,32.4,30.6,21.8,16.0,19.7,46.8,249,95,open-meteo-historical-forecast,,,,,false,,,,,,,,,,,,,,
2026-07-09,Surat,STV,21.1702,72.8311,Thursday,false,31.6,27.0,29.1,36.6,32.1,1.4,0.6,8.0,23.6,56.2,233,95,open-meteo-historical-forecast,,,,,false,,,,,,,,,,,,,,
2026-07-10,Surat,STV,21.1702,72.8311,Friday,false,31.7,27.9,29.3,37.0,32.2,2.7,0.8,8.0,24.2,56.5,231,95,open-meteo-historical-forecast,,,,,false,,,,,,,,,,,,,,
2026-07-11,Surat,STV,21.1702,72.8311,Saturday,true,31.5,27.9,29.2,36.1,32.4,3.0,0.7,9.0,26.9,61.6,232,53,open-meteo-historical-forecast,,,,,false,,,,,,,,,,,,,,
2026-07-12,Surat,STV,21.1702,72.8311,Sunday,true,31.6,28.1,29.5,35.9,31.7,1.3,0.5,8.0,30.2,68.4,225,51,open-meteo-historical-forecast,,,,,false,,,,,,,,,,,,,,
2026-07-13,Surat,STV,21.1702,72.8311,Monday,false,31.5,28.4,29.6,35.5,31.9,0.5,0.2,5.0,28.0,63.7,225,51,open-meteo-historical-forecast,,,,,false,,,,,,,,,,,,,,
2026-07-14,Surat,STV,21.1702,72.8311,Tuesday,false,31.2,26.3,29.2,35.3,30.9,3.7,1.4,15.0,23.1,53.6,229,53,open-meteo-historical-forecast,,,,,false,,,,,,,,,,,,,,
2026-07-15,Surat,STV,21.1702,72.8311,Wednesday,false,30.9,25.0,28.3,35.8,28.9,6.5,3.4,15.0,18.1,43.2,219,53,open-meteo-historical-forecast,,,,,false,,,,,,,,,,,,,,
2026-07-16,Surat,STV,21.1702,72.8311,Thursday,false,31.3,24.0,28.3,37.6,28.3,5.2,2.6,14.0,17.1,41.8,212,55,open-meteo-historical-forecast,,,,,false,,,,,,,,,,,,,,
2026-07-17,Surat,STV,21.1702,72.8311,Friday,false,31.5,26.1,28.6,38.3,31.6,6.4,3.1,13.0,17.4,43.9,227,95,open-meteo-historical-forecast,,,,,false,,,,,,,,,,,,,,
2026-07-18,Surat,STV,21.1702,72.8311,Saturday,true,31.1,25.1,28.3,36.7,30.4,7.3,4.2,22.0,18.5,43.2,224,95,open-meteo-historical-forecast,,,,,false,,,,,,,,,,,,,,
2026-07-19,Surat,STV,21.1702,72.8311,Sunday,true,30.3,25.1,27.8,36.2,29.9,9.0,5.7,23.0,20.0,44.3,215,55,open-meteo-historical-forecast,,,,,false,,,,,,,,,,,,,,
2026-07-20,Surat,STV,21.1702,72.8311,Monday,false,29.9,25.3,27.3,35.0,29.9,17.9,7.2,23.0,20.6,50.0,219,95,open-meteo-historical-forecast,,,,,false,,,,,,,,,,,,,,
2026-07-21,Surat,STV,21.1702,72.8311,Tuesday,false,29.7,25.4,26.8,34.2,30.2,81.7,28.6,24.0,20.8,50.4,232,96,open-meteo-historical-forecast,,,,,false,,,,,,,,,,,,,,
2026-07-22,Surat,STV,21.1702,72.8311,Wednesday,false,28.1,25.0,26.0,35.0,30.4,43.6,18.4,22.0,13.2,31.0,193,95,open-meteo-historical-forecast,,,,,false,,,,,,,,,,,,,,
2026-07-23,Surat,STV,21.1702,72.8311,Thursday,false,27.1,25.4,26.2,32.2,29.9,130.6,71.4,24.0,26.7,51.5,263,95,open-meteo-historical-forecast,,,,,false,,,,,,,,,,,,,,
2026-07-24,Surat,STV,21.1702,72.8311,Friday,false,29.8,25.6,26.9,34.8,29.0,21.0,12.7,20.0,27.1,55.8,239,81,open-meteo-historical-forecast,,,,,false,,,,,,,,,,,,,,
2026-07-25,Surat,STV,21.1702,72.8311,Saturday,true,30.1,25.3,27.5,34.0,29.6,23.9,11.9,19.0,21.1,47.2,242,96,open-meteo-historical-forecast,,,,,false,,,,,,,,,,,,,,
2026-07-26,Surat,STV,21.1702,72.8311,Sunday,true,30.9,26.6,27.9,37.5,31.3,21.3,4.5,17.0,15.8,41.4,238,96,open-meteo-historical-forecast,,,,,false,,,,,,,,,,,,,,
2026-07-27,Surat,STV,21.1702,72.8311,Monday,false,29.9,25.4,27.7,35.9,30.1,17.6,6.1,17.0,12.8,34.9,235,95,open-meteo-historical-forecast,,,,,false,,,,,,,,,,,,,,
2026-07-28,Surat,STV,21.1702,72.8311,Tuesday,false,30.8,27.0,28.7,35.8,32.1,2.1,1.2,12.0,20.4,47.9,241,51,open-meteo-historical-forecast,,,,,false,,,,,,,,,,,,,,
2026-07-29,Surat,STV,21.1702,72.8311,Wednesday,false,30.5,26.4,28.6,35.9,31.7,4.3,2.2,15.0,19.8,45.7,250,95,open-meteo-historical-forecast,,,,,false,,,,,,,,,,,,,,
2026-07-30,Surat,STV,21.1702,72.8311,Thursday,false,29.8,27.3,28.4,35.2,32.8,2.0,1.5,14.0,14.5,30.6,254,53,open-meteo-historical-forecast,,,,,false,,,,,,,,,,,,,,
2026-07-31,Surat,STV,21.1702,72.8311,Friday,false,28.3,26.1,26.7,34.0,28.7,130.3,76.9,23.0,33.2,65.9,274,95,open-meteo-historical-forecast,,,,,false,,,,,,,,,,,,,,
2026-07-01,Visakhapatnam,VTZ,17.6868,83.2185,Wednesday,false,34.3,27.1,30.5,40.1,31.8,1.9,1.2,6.0,15.3,38.9,253,53,open-meteo-historical-forecast,,,,,false,,,,,,,,,,,,,,
2026-07-02,Visakhapatnam,VTZ,17.6868,83.2185,Thursday,false,32.9,25.8,28.9,35.9,30.1,10.6,5.7,9.0,17.8,38.9,245,95,open-meteo-historical-forecast,,,,,false,,,,,,,,,,,,,,
2026-07-03,Visakhapatnam,VTZ,17.6868,83.2185,Friday,false,30.7,25.2,27.7,33.7,28.0,22.3,9.4,16.0,24.1,56.9,241,96,open-meteo-historical-forecast,,,,,false,,,,,,,,,,,,,,
2026-07-04,Visakhapatnam,VTZ,17.6868,83.2185,Saturday,true,30.3,25.1,26.9,33.2,27.4,20.1,16.9,21.0,27.0,61.9,242,81,open-meteo-historical-forecast,,,,,false,,,,,,,,,,,,,,
2026-07-05,Visakhapatnam,VTZ,17.6868,83.2185,Sunday,true,31.8,24.8,28.5,33.1,26.6,6.4,6.4,6.0,28.8,64.8,244,61,open-meteo-historical-forecast,,,,,false,,,,,,,,,,,,,,
2026-07-06,Visakhapatnam,VTZ,17.6868,83.2185,Monday,false,33.6,27.1,29.6,36.3,29.4,0.3,0.3,2.0,26.5,59.0,235,51,open-meteo-historical-forecast,,,,,false,,,,,,,,,,,,,,
2026-07-07,Visakhapatnam,VTZ,17.6868,83.2185,Tuesday,false,32.7,27.6,29.5,36.4,31.7,0.5,0.5,3.0,26.1,60.1,218,51,open-meteo-historical-forecast,,,,,false,,,,,,,,,,,,,,
2026-07-08,Visakhapatnam,VTZ,17.6868,83.2185,Wednesday,false,33.1,26.9,29.5,38.2,32.3,0.2,0.2,2.0,21.0,50.4,215,51,open-meteo-historical-forecast,,,,,false,,,,,,,,,,,,,,
2026-07-09,Visakhapatnam,VTZ,17.6868,83.2185,Thursday,false,32.3,26.7,29.7,38.6,31.9,0.8,0.7,5.0,19.0,46.1,222,51,open-meteo-historical-forecast,,,,,false,,,,,,,,,,,,,,
2026-07-10,Visakhapatnam,VTZ,17.6868,83.2185,Friday,false,32.9,25.4,29.3,39.8,29.6,6.8,2.8,13.0,17.9,45.0,228,95,open-meteo-historical-forecast,,,,,false,,,,,,,,,,,,,,
2026-07-11,Visakhapatnam,VTZ,17.6868,83.2185,Saturday,true,36.5,27.1,31.5,42.6,32.9,1.2,1.2,2.0,14.8,37.8,241,55,open-meteo-historical-forecast,,,,,false,,,,,,,,,,,,,,
2026-07-12,Visakhapatnam,VTZ,17.6868,83.2185,Sunday,true,37.4,27.9,32.2,41.9,32.2,0.4,0.2,3.0,14.2,41.8,246,51,open-meteo-historical-forecast,,,,,false,,,,,,,,,,,,,,
2026-07-13,Visakhapatnam,VTZ,17.6868,83.2185,Monday,false,34.7,28.4,31.7,41.3,32.1,2.9,1.2,6.0,14.0,32.4,244,95,open-meteo-historical-forecast,,,,,false,,,,,,,,,,,,,,
2026-07-14,Visakhapatnam,VTZ,17.6868,83.2185,Tuesday,false,36.3,29.2,32.3,40.7,33.6,0.0,0.0,0.0,12.4,26.3,267,3,open-meteo-historical-forecast,,,,,false,,,,,,,,,,,,,,
2026-07-15,Visakhapatnam,VTZ,17.6868,83.2185,Wednesday,false,36.3,29.3,32.2,41.3,33.4,1.4,0.0,2.0,13.5,36.7,275,95,open-meteo-historical-forecast,,,,,false,,,,,,,,,,,,,,
2026-07-16,Visakhapatnam,VTZ,17.6868,83.2185,Thursday,false,34.0,28.8,31.2,39.1,32.0,0.9,0.2,1.0,13.0,34.9,251,95,open-meteo-historical-forecast,,,,,false,,,,,,,,,,,,,,
2026-07-17,Visakhapatnam,VTZ,17.6868,83.2185,Friday,false,31.2,28.1,29.2,35.5,31.8,4.2,2.7,9.0,18.6,43.2,233,95,open-meteo-historical-forecast,,,,,false,,,,,,,,,,,,,,
2026-07-18,Visakhapatnam,VTZ,17.6868,83.2185,Saturday,true,32.3,26.4,29.3,37.4,31.5,3.1,1.7,10.0,16.5,39.6,244,53,open-meteo-historical-forecast,,,,,false,,,,,,,,,,,,,,
2026-07-19,Visakhapatnam,VTZ,17.6868,83.2185,Sunday,true,34.5,26.6,29.6,41.3,31.2,6.0,3.3,13.0,14.7,35.3,243,95,open-meteo-historical-forecast,,,,,false,,,,,,,,,,,,,,
2026-07-20,Visakhapatnam,VTZ,17.6868,83.2185,Monday,false,33.4,26.1,28.4,40.0,31.1,27.2,12.9,20.0,15.1,41.8,246,96,open-meteo-historical-forecast,,,,,false,,,,,,,,,,,,,,
2026-07-21,Visakhapatnam,VTZ,17.6868,83.2185,Tuesday,false,31.9,25.6,27.8,36.7,30.2,12.5,5.0,12.0,15.9,39.6,239,95,open-meteo-historical-forecast,,,,,false,,,,,,,,,,,,,,
2026-07-22,Visakhapatnam,VTZ,17.6868,83.2185,Wednesday,false,32.7,26.2,28.9,35.3,30.3,0.4,0.4,4.0,22.4,54.4,236,51,open-meteo-historical-forecast,,,,,false,,,,,,,,,,,,,,
2026-07-23,Visakhapatnam,VTZ,17.6868,83.2185,Thursday,false,31.8,26.4,28.8,36.2,30.6,3.6,2.0,10.0,19.2,48.2,225,95,open-meteo-historical-forecast,,,,,false,,,,,,,,,,,,,,
2026-07-24,Visakhapatnam,VTZ,17.6868,83.2185,Friday,false,34.2,24.2,28.5,39.2,27.5,11.5,5.4,10.0,16.2,43.2,241,95,open-meteo-historical-forecast,,,,,false,,,,,,,,,,,,,,
2026-07-25,Visakhapatnam,VTZ,17.6868,83.2185,Saturday,true,35.4,27.4,31.0,41.0,31.4,0.4,0.1,3.0,17.2,40.7,243,51,open-meteo-historical-forecast,,,,,false,,,,,,,,,,,,,,
2026-07-26,Visakhapatnam,VTZ,17.6868,83.2185,Sunday,true,33.4,28.2,30.8,37.2,31.4,1.0,0.8,3.0,16.8,41.8,253,53,open-meteo-historical-forecast,,,,,false,,,,,,,,,,,,,,
2026-07-27,Visakhapatnam,VTZ,17.6868,83.2185,Monday,false,33.4,25.1,29.4,37.9,29.4,8.3,7.5,11.0,16.6,38.5,254,81,open-meteo-historical-forecast,,,,,false,,,,,,,,,,,,,,
2026-07-28,Visakhapatnam,VTZ,17.6868,83.2185,Tuesday,false,29.8,24.9,27.3,34.1,27.9,11.5,10.1,19.0,24.5,51.5,235,95,open-meteo-historical-forecast,,,,,false,,,,,,,,,,,,,,
2026-07-29,Visakhapatnam,VTZ,17.6868,83.2185,Wednesday,false,28.5,25.3,26.8,32.6,28.5,10.0,8.6,19.0,23.9,51.1,231,81,open-meteo-historical-forecast,,,,,false,,,,,,,,,,,,,,
2026-07-30,Visakhapatnam,VTZ,17.6868,83.2185,Thursday,false,32.1,26.3,28.6,35.9,29.3,1.3,1.0,10.0,26.3,61.2,227,51,open-meteo-historical-forecast,,,,,false,,,,,,,,,,,,,,
2026-07-31,Visakhapatnam,VTZ,17.6868,83.2185,Friday,false,30.5,25.2,28.1,35.2,30.0,1.2,0.8,9.0,20.2,47.9,219,51,open-meteo-historical-forecast,,,,,false,,,,,,,,,,,,,,
